Method,min lambda,min jtlide_lambda,dataset,size,trial
nx,-0.002873,-0.25714,1,500,1
nx,-0.00089042,-0.25195,2,500,1
nx,-0.0029656,-0.20551,3,500,1
nx,-0.0019056,-0.21672,4,500,1
nx,-0.0084592,-0.2265,5,500,1
nx,-0.00085765,-0.2503,6,500,1
nx,-0.0022313,-0.23663,7,500,1
nx,-0.00033405,-0.24234,8,500,1
nx,-0.0040506,-0.21743,9,500,1
nx,-0.0042499,-0.23861,10,500,1
nx,-0.00044632,-0.23039,1,500,2
nx,-0.0028002,-0.21616,2,500,2
nx,-0.0031308,-0.23029,3,500,2
nx,-0.001312,-0.25799,4,500,2
nx,-0.0040561,-0.25615,5,500,2
nx,-0.0050347,-0.17404,6,500,2
nx,-0.0022922,-0.25326,7,500,2
nx,-0.0034054,-0.19675,8,500,2
nx,-0.0068651,-0.21836,9,500,2
nx,-0.00046709,-0.25361,10,500,2
nx,-0.002674,-0.19475,1,500,3
nx,-0.0036714,-0.20187,2,500,3
nx,-0.00036404,-0.20023,3,500,3
nx,-0.0056344,-0.21802,4,500,3
nx,-0.0089415,-0.23943,5,500,3
nx,-0.0003813,-0.25723,6,500,3
nx,-0.0037002,-0.28143,7,500,3
nx,-0.0010425,-0.21128,8,500,3
nx,-0.0036162,-0.20335,9,500,3
nx,-0.0013189,-0.2558,10,500,3
nx,-0.0011671,-0.24575,1,500,4
nx,-0.0030714,-0.23385,2,500,4
nx,-0.0005699,-0.21134,3,500,4
nx,-0.0010169,-0.2144,4,500,4
nx,-0.0017698,-0.29047,5,500,4
nx,-0.0057453,-0.24633,6,500,4
nx,-0.00028322,-0.34709,7,500,4
nx,-0.00032607,-0.27178,8,500,4
nx,-0.0010377,-0.25147,9,500,4
nx,-0.0027274,-0.29407,10,500,4
nx,-0.0036559,-0.21982,1,500,5
nx,-0.0045465,-0.21121,2,500,5
nx,-0.0015995,-0.22234,3,500,5
nx,-0.0065463,-0.18997,4,500,5
nx,-0.010285,-0.23648,5,500,5
nx,-0.0012778,-0.26804,6,500,5
nx,-0.0014186,-0.20636,7,500,5
nx,-0.0029321,-0.32715,8,500,5
nx,-0.00015706,-0.24014,9,500,5
nx,-0.0072608,-0.20606,10,500,5
nx,-0.0015155,-0.22233,1,500,6
nx,-0.0028952,-0.24792,2,500,6
nx,-0.0049606,-0.22706,3,500,6
nx,-0.0029213,-0.23758,4,500,6
nx,-0.00090181,-0.22012,5,500,6
nx,-0.0028864,-0.24195,6,500,6
nx,-0.0030732,-0.2623,7,500,6
nx,-0.0027506,-0.25558,8,500,6
nx,-0.001372,-0.26171,9,500,6
nx,-0.0060456,-0.26149,10,500,6
nx,-0.0046706,-0.21766,1,500,7
nx,-0.00029244,-0.28412,2,500,7
nx,-0.0018157,-0.21283,3,500,7
nx,-0.0078632,-0.21227,4,500,7
nx,-0.00020198,-0.23888,5,500,7
nx,-0.0007003,-0.28787,6,500,7
nx,-0.0021898,-0.25371,7,500,7
nx,-0.0017509,-0.21933,8,500,7
nx,-0.00061109,-0.25075,9,500,7
nx,-0.0052862,-0.24334,10,500,7
nx,-0.00058515,-0.21546,1,500,8
nx,-0.0031631,-0.19613,2,500,8
nx,-0.00012603,-0.23755,3,500,8
nx,-0.0042153,-0.26682,4,500,8
nx,-0.00026297,-0.33397,5,500,8
nx,-0.0012724,-0.26698,6,500,8
nx,-0.0044861,-0.26991,7,500,8
nx,-0.0042141,-0.31274,8,500,8
nx,-0.0023873,-0.23145,9,500,8
nx,-0.0011989,-0.1922,10,500,8
nx,-0.0013245,-0.2425,1,500,9
nx,-0.0020563,-0.23875,2,500,9
nx,-0.0014551,-0.27651,3,500,9
nx,-0.0020087,-0.21797,4,500,9
nx,-1.3095E-05,-0.24257,5,500,9
nx,-1.3262E-06,-0.38317,6,500,9
nx,-0.0022061,-0.27803,7,500,9
nx,-0.0028694,-0.25001,8,500,9
nx,-0.0040749,-0.24009,9,500,9
nx,-4.4038E-05,-0.24286,10,500,9
nx,-0.0034065,-0.21185,1,500,10
nx,-0.00086571,-0.21881,2,500,10
nx,-0.0029636,-0.21199,3,500,10
nx,-0.0012004,-0.19954,4,500,10
nx,-0.003634,-0.21986,5,500,10
nx,-0.0040958,-0.2594,6,500,10
nx,-0.00021454,-0.24682,7,500,10
nx,-0.0024015,-0.23536,8,500,10
nx,-0.0048495,-0.24033,9,500,10
nx,-0.0030766,-0.21564,10,500,10
nx,-0.0013449,-0.3016,1,750,1
nx,-0.0028647,-0.23392,2,750,1
nx,-0.0026069,-0.21892,3,750,1
nx,-0.00025551,-0.23234,4,750,1
nx,-0.0017982,-0.20089,5,750,1
nx,-0.0014909,-0.3493,6,750,1
nx,-0.0010389,-0.25594,7,750,1
nx,-0.0011798,-0.22474,8,750,1
nx,-0.001944,-0.30447,9,750,1
nx,-0.0032085,-0.25635,10,750,1
nx,-5.6102E-05,-0.27544,1,750,2
nx,-0.0033382,-0.2229,2,750,2
nx,-0.0016584,-0.20507,3,750,2
nx,-0.000849,-0.26169,4,750,2
nx,-0.00088501,-0.2622,5,750,2
nx,-4.9657E-05,-0.28371,6,750,2
nx,-0.00032963,-0.25015,7,750,2
nx,-0.00021362,-0.21317,8,750,2
nx,-0.00087704,-0.37883,9,750,2
nx,-0.00062105,-0.25516,10,750,2
nx,-0.0007999,-0.2107,1,750,3
nx,-0.00061701,-0.24161,2,750,3
nx,-0.0015583,-0.28517,3,750,3
nx,-0.0019918,-0.27952,4,750,3
nx,-0.00019381,-0.183,5,750,3
nx,-0.0021828,-0.29606,6,750,3
nx,-0.0010294,-0.26925,7,750,3
nx,-0.0016527,-0.2623,8,750,3
nx,-0.0013959,-0.2928,9,750,3
nx,-0.0008915,-0.25495,10,750,3
nx,-0.0021815,-0.22753,1,750,4
nx,-0.0017591,-0.22902,2,750,4
nx,-0.00061055,-0.37348,3,750,4
nx,-0.0012448,-0.28683,4,750,4
nx,-0.0034834,-0.19414,5,750,4
nx,-0.00081998,-0.28186,6,750,4
nx,-0.00084034,-0.24165,7,750,4
nx,-0.0013495,-0.29674,8,750,4
nx,-0.00094006,-0.24966,9,750,4
nx,-0.002819,-0.27539,10,750,4
nx,-0.0024907,-0.23031,1,750,5
nx,-0.0010033,-0.21223,2,750,5
nx,-0.0022822,-0.25989,3,750,5
nx,-0.0024538,-0.25563,4,750,5
nx,-1.7407E-05,-0.22233,5,750,5
nx,-0.0023003,-0.31262,6,750,5
nx,-0.0025069,-0.20795,7,750,5
nx,-0.0030223,-0.20941,8,750,5
nx,-0.0023058,-0.30195,9,750,5
nx,-0.00017524,-0.3068,10,750,5
nx,-0.0038511,-0.26961,1,750,6
nx,-0.00045593,-0.20822,2,750,6
nx,-0.0034305,-0.521,3,750,6
nx,-0.0011509,-0.19817,4,750,6
nx,-0.0025897,-0.28555,5,750,6
nx,-0.00093112,-0.2927,6,750,6
nx,-0.0012627,-0.25425,7,750,6
nx,-0.00020894,-0.29515,8,750,6
nx,-0.0017594,-0.33892,9,750,6
nx,-0.0025783,-0.23661,10,750,6
nx,-0.00067447,-0.23618,1,750,7
nx,-0.001256,-0.2078,2,750,7
nx,-0.0008917,-0.2181,3,750,7
nx,-0.00168,-0.20721,4,750,7
nx,-0.0014062,-0.21431,5,750,7
nx,-0.0026679,-0.28206,6,750,7
nx,-0.0029855,-0.23012,7,750,7
nx,-0.0021951,-0.31035,8,750,7
nx,-0.0014745,-0.23775,9,750,7
nx,-0.0023052,-0.26817,10,750,7
nx,-8.8209E-05,-0.22968,1,750,8
nx,-0.00174,-0.20732,2,750,8
nx,-0.00019799,-0.21942,3,750,8
nx,-0.00090004,-0.29525,4,750,8
nx,-0.003118,-0.24529,5,750,8
nx,-0.0015151,-0.29528,6,750,8
nx,-0.00048989,-0.19969,7,750,8
nx,-0.003548,-0.21341,8,750,8
nx,-0.0026981,-0.29978,9,750,8
nx,-0.0039845,-0.22597,10,750,8
nx,-0.00060874,-0.25654,1,750,9
nx,-0.00074004,-0.24826,2,750,9
nx,-0.0015782,-0.23021,3,750,9
nx,-0.00081762,-0.24608,4,750,9
nx,-0.00022657,-0.24894,5,750,9
nx,-0.0001827,-0.31118,6,750,9
nx,-0.00045557,-0.29845,7,750,9
nx,-0.0016762,-0.27482,8,750,9
nx,-0.0020765,-0.21576,9,750,9
nx,-0.0020859,-0.28422,10,750,9
nx,-0.0016237,-0.27428,1,750,10
nx,-0.00086403,-0.24195,2,750,10
nx,-0.0023644,-0.21021,3,750,10
nx,-0.0028523,-0.34248,4,750,10
nx,-0.00023274,-0.27595,5,750,10
nx,-0.00048849,-0.24112,6,750,10
nx,-0.001157,-0.25303,7,750,10
nx,-0.00019925,-0.35303,8,750,10
nx,-0.0014025,-0.21665,9,750,10
nx,-0.00011671,-0.21929,10,750,10
nx,-0.0013288,-0.24902,1,1000,1
nx,-0.00049403,-0.23153,2,1000,1
nx,-0.00039985,-0.24925,3,1000,1
nx,-0.0019483,-0.24913,4,1000,1
nx,-0.0019157,-0.25365,5,1000,1
nx,-0.0013084,-0.20158,6,1000,1
nx,-0.00064507,-0.26057,7,1000,1
nx,-0.00094221,-0.2504,8,1000,1
nx,-0.0018117,-0.2767,9,1000,1
nx,-0.00071882,-0.25725,10,1000,1
nx,-0.000705,-0.2626,1,1000,2
nx,-0.0016377,-0.26764,2,1000,2
nx,-0.0018307,-0.23205,3,1000,2
nx,-0.0007659,-0.20857,4,1000,2
nx,-0.00079037,-0.29771,5,1000,2
nx,-0.00054167,-0.25061,6,1000,2
nx,-0.00057301,-0.23149,7,1000,2
nx,-0.00038594,-0.29631,8,1000,2
nx,-0.0018358,-0.24592,9,1000,2
nx,-0.00029496,-0.26268,10,1000,2
nx,-0.0017771,-0.27306,1,1000,3
nx,-0.0020377,-0.24876,2,1000,3
nx,-0.0011895,-0.24469,3,1000,3
nx,-0.00109,-0.23194,4,1000,3
nx,-0.00067988,-0.22341,5,1000,3
nx,-0.0013169,-0.2497,6,1000,3
nx,-0.0017244,-0.21649,7,1000,3
nx,-0.0016187,-0.42553,8,1000,3
nx,-0.0012068,-0.25806,9,1000,3
nx,-0.0013879,-0.25396,10,1000,3
nx,-0.0013247,-0.21257,1,1000,4
nx,-0.00047401,-0.24151,2,1000,4
nx,-0.0014533,-0.22718,3,1000,4
nx,-0.002015,-0.24737,4,1000,4
nx,-0.0015832,-0.23029,5,1000,4
nx,-0.0015331,-0.23169,6,1000,4
nx,-0.00068948,-0.23958,7,1000,4
nx,-0.00097872,-0.23273,8,1000,4
nx,-0.0022804,-0.24942,9,1000,4
nx,-0.00032563,-0.25939,10,1000,4
nx,-0.000916,-0.2751,1,1000,5
nx,-0.0004844,-0.24307,2,1000,5
nx,-0.00080538,-0.35717,3,1000,5
nx,-0.00097329,-0.24413,4,1000,5
nx,-8.1552E-05,-0.22413,5,1000,5
nx,-0.0018839,-0.32401,6,1000,5
nx,-0.00023764,-0.26671,7,1000,5
nx,-0.00081227,-0.23051,8,1000,5
nx,-0.0014044,-0.35106,9,1000,5
nx,-0.00062377,-0.26143,10,1000,5
nx,-0.0025705,-0.25255,1,1000,6
nx,-0.0015603,-0.22494,2,1000,6
nx,-0.0020398,-0.22543,3,1000,6
nx,-0.001715,-0.24078,4,1000,6
nx,-0.0018234,-0.24238,5,1000,6
nx,-0.00072958,-0.3149,6,1000,6
nx,-0.0013593,-0.28356,7,1000,6
nx,-0.00068493,-0.29152,8,1000,6
nx,-0.00043747,-0.25654,9,1000,6
nx,-0.00015625,-0.2638,10,1000,6
nx,-0.00062659,-0.2421,1,1000,7
nx,-0.00076407,-0.27437,2,1000,7
nx,-0.0017615,-0.30374,3,1000,7
nx,-0.00035886,-0.22034,4,1000,7
nx,-0.00047365,-0.20745,5,1000,7
nx,-0.0011078,-0.28902,6,1000,7
nx,-0.0013811,-0.26407,7,1000,7
nx,-0.0024733,-0.23843,8,1000,7
nx,-0.0008083,-0.33516,9,1000,7
nx,-0.00073843,-0.26248,10,1000,7
nx,-0.0012406,-0.22966,1,1000,8
nx,-0.0013853,-0.18882,2,1000,8
nx,-0.0020354,-0.24326,3,1000,8
nx,-2.9437E-05,-0.23562,4,1000,8
nx,-0.0001582,-0.23124,5,1000,8
nx,-0.0010954,-0.33485,6,1000,8
nx,-0.0020041,-0.23632,7,1000,8
nx,-0.00016758,-0.25891,8,1000,8
nx,-0.0012256,-0.29128,9,1000,8
nx,-0.0018168,-0.28319,10,1000,8
nx,-4.9542E-06,-0.21889,1,1000,9
nx,-0.00086469,-0.25981,2,1000,9
nx,-0.00014849,-0.19347,3,1000,9
nx,-0.00088495,-0.21039,4,1000,9
nx,-0.0010276,-0.25909,5,1000,9
nx,-0.00074295,-0.2267,6,1000,9
nx,-0.00088146,-0.23874,7,1000,9
nx,-0.0011192,-0.26818,8,1000,9
nx,-0.00091679,-0.30664,9,1000,9
nx,-0.00075871,-0.23075,10,1000,9
nx,-0.00038079,-0.25392,1,1000,10
nx,-0.0024053,-0.35341,2,1000,10
nx,-0.0029014,-0.22835,3,1000,10
nx,-0.00080349,-0.26864,4,1000,10
nx,-0.0013107,-0.24191,5,1000,10
nx,-0.0021309,-0.25963,6,1000,10
nx,-0.001,-0.27382,7,1000,10
nx,-0.0021421,-0.27746,8,1000,10
nx,-0.0015796,-0.24221,9,1000,10
nx,-0.0034697,-0.28011,10,1000,10
nx,-0.0013304,-0.43037,1,1500,1
nx,-0.00013178,-0.20334,2,1500,1
nx,-0.001008,-0.22786,3,1500,1
nx,-0.0013194,-0.23154,4,1500,1
nx,-0.001336,-0.26887,5,1500,1
nx,-0.00045876,-0.27113,6,1500,1
nx,-3.1356E-05,-0.25553,7,1500,1
nx,-8.8264E-05,-0.29079,8,1500,1
nx,-0.00081513,-0.22726,9,1500,1
nx,-0.00028665,-0.26097,10,1500,1
nx,-0.00028742,-0.22294,1,1500,2
nx,-0.00050418,-0.31494,2,1500,2
nx,-0.0012803,-0.26405,3,1500,2
nx,-0.00086296,-0.25214,4,1500,2
nx,-0.00056348,-0.21709,5,1500,2
nx,-0.00048791,-0.2714,6,1500,2
nx,-0.00067692,-0.23864,7,1500,2
nx,-0.00075545,-0.21301,8,1500,2
nx,-1.4199E-05,-0.37115,9,1500,2
nx,-0.0017214,-0.23619,10,1500,2
nx,-0.0027997,-0.24323,1,1500,3
nx,-0.00017417,-0.25742,2,1500,3
nx,-0.0012845,-0.30993,3,1500,3
nx,-0.00020079,-0.26987,4,1500,3
nx,-1.585E-05,-0.20042,5,1500,3
nx,-0.0013318,-0.209,6,1500,3
nx,-0.001628,-0.23652,7,1500,3
nx,-0.00071807,-0.26634,8,1500,3
nx,-0.00022886,-0.24022,9,1500,3
nx,-0.001151,-0.24474,10,1500,3
nx,-0.00099082,-0.24936,1,1500,4
nx,-0.00057252,-0.22493,2,1500,4
nx,-0.00010593,-0.25503,3,1500,4
nx,-0.00072982,-0.24656,4,1500,4
nx,-0.00046883,-0.24112,5,1500,4
nx,-0.0016436,-0.23005,6,1500,4
nx,-0.00051729,-0.27041,7,1500,4
nx,-0.00052456,-0.21547,8,1500,4
nx,-0.00096531,-0.27495,9,1500,4
nx,-0.00058724,-0.2553,10,1500,4
nx,-0.00040983,-0.22585,1,1500,5
nx,-0.00039024,-0.21679,2,1500,5
nx,-6.8465E-06,-0.35783,3,1500,5
nx,-0.00026043,-0.26938,4,1500,5
nx,-0.00011143,-0.22696,5,1500,5
nx,-0.0017086,-0.23955,6,1500,5
nx,-0.00020909,-0.25209,7,1500,5
nx,-0.00065512,-0.24203,8,1500,5
nx,-0.00041615,-0.26713,9,1500,5
nx,-0.0012171,-0.24808,10,1500,5
nx,-0.0009535,-0.30204,1,1500,6
nx,-0.00061917,-0.22984,2,1500,6
nx,-0.00021511,-0.23979,3,1500,6
nx,-0.00070552,-0.3222,4,1500,6
nx,-0.0001844,-0.22203,5,1500,6
nx,-5.8332E-05,-0.25235,6,1500,6
nx,-0.00093106,-0.29228,7,1500,6
nx,-0.00029581,-0.24453,8,1500,6
nx,-0.0011772,-0.24448,9,1500,6
nx,-0.00055977,-0.24243,10,1500,6
nx,-0.00028642,-0.22809,1,1500,7
nx,-0.0010402,-0.26563,2,1500,7
nx,-0.0002904,-0.27064,3,1500,7
nx,-0.00098115,-0.28599,4,1500,7
nx,-0.0014365,-0.23577,5,1500,7
nx,-0.00071501,-0.24128,6,1500,7
nx,-0.000109,-0.24111,7,1500,7
nx,-0.00070075,-0.28893,8,1500,7
nx,-0.0014023,-0.21471,9,1500,7
nx,-0.0015235,-0.29386,10,1500,7
nx,-0.0017598,-0.35896,1,1500,8
nx,-0.0011891,-0.24147,2,1500,8
nx,-7.3751E-05,-0.2279,3,1500,8
nx,-0.00092901,-0.31181,4,1500,8
nx,-0.0016116,-0.23783,5,1500,8
nx,-0.00070748,-0.24745,6,1500,8
nx,-0.0014777,-0.21433,7,1500,8
nx,-0.0013498,-0.2331,8,1500,8
nx,-0.0010023,-0.25315,9,1500,8
nx,-0.00017724,-0.32806,10,1500,8
nx,-0.00068263,-0.28566,1,1500,9
nx,-0.00060887,-0.24649,2,1500,9
nx,-0.0014288,-0.32921,3,1500,9
nx,-0.00094333,-0.24726,4,1500,9
nx,-0.0015273,-0.22416,5,1500,9
nx,-0.0014655,-0.28133,6,1500,9
nx,-0.0017441,-0.27849,7,1500,9
nx,-0.00056996,-0.25159,8,1500,9
nx,-0.0009181,-0.23524,9,1500,9
nx,-0.00087748,-0.22893,10,1500,9
nx,-0.00069922,-0.24456,1,1500,10
nx,-0.00018274,-0.22775,2,1500,10
nx,-0.00085274,-0.27913,3,1500,10
nx,-3.5784E-05,-0.28077,4,1500,10
nx,-0.00125,-0.21526,5,1500,10
nx,-0.00027353,-0.21597,6,1500,10
nx,-0.0003574,-0.21864,7,1500,10
nx,-7.0223E-05,-0.2976,8,1500,10
nx,-0.00080184,-0.29404,9,1500,10
nx,-6.3982E-05,-0.29991,10,1500,10
FFL,-0.00074235,-0.23021,1,500,1
FFL,-0.0040499,-0.228,2,500,1
FFL,-0.0040696,-0.24675,3,500,1
FFL,-0.0026106,-0.27943,4,500,1
FFL,-0.004673,-0.2276,5,500,1
FFL,-0.00083124,-0.21183,6,500,1
FFL,-0.00040993,-0.21511,7,500,1
FFL,-0.0031589,-0.21311,8,500,1
FFL,-0.0042476,-0.2466,9,500,1
FFL,-0.0020148,-0.26932,10,500,1
FFL,-0.00070403,-0.35625,1,500,2
FFL,-0.0069,-0.23629,2,500,2
FFL,-0.0009521,-0.22697,3,500,2
FFL,-0.0043263,-0.17018,4,500,2
FFL,-0.0031183,-0.23886,5,500,2
FFL,-0.0019122,-0.24479,6,500,2
FFL,-0.0026533,-0.27306,7,500,2
FFL,-0.0043657,-0.1692,8,500,2
FFL,-0.0016135,-0.15682,9,500,2
FFL,-0.0029669,-0.34099,10,500,2
FFL,-0.0015721,-0.18124,1,500,3
FFL,-0.00080629,-0.24117,2,500,3
FFL,-0.00070316,-0.20235,3,500,3
FFL,-0.0023378,-0.32876,4,500,3
FFL,-3.6624E-05,-0.20648,5,500,3
FFL,-0.0012278,-0.14456,6,500,3
FFL,-0.0028232,-0.32821,7,500,3
FFL,-0.0027074,-0.13514,8,500,3
FFL,-0.0017581,-0.1937,9,500,3
FFL,-0.0011449,-0.27529,10,500,3
FFL,-0.00051702,-0.16523,1,500,4
FFL,-0.0105,-0.28798,2,500,4
FFL,-0.0019723,-0.26342,3,500,4
FFL,-0.001293,-0.2462,4,500,4
FFL,-0.00080604,-0.24787,5,500,4
FFL,-0.0045613,-0.26152,6,500,4
FFL,-7.6701E-05,-0.18887,7,500,4
FFL,-0.0033041,-0.14117,8,500,4
FFL,-0.002965,-0.22992,9,500,4
FFL,-0.0060945,-0.2514,10,500,4
FFL,-0.00060531,-0.20848,1,500,5
FFL,-0.0034974,-0.28947,2,500,5
FFL,-0.0021607,-0.17822,3,500,5
FFL,-0.0013535,-0.31408,4,500,5
FFL,-0.0055459,-0.27438,5,500,5
FFL,-0.00028696,-0.33438,6,500,5
FFL,-0.0021891,-0.25115,7,500,5
FFL,-0.0013762,-0.15961,8,500,5
FFL,-0.00077769,-0.18983,9,500,5
FFL,-0.0018052,-0.20087,10,500,5
FFL,-0.00039367,-0.25125,1,500,6
FFL,-0.001287,-0.32016,2,500,6
FFL,-0.0046392,-0.23962,3,500,6
FFL,-0.00011369,-0.26741,4,500,6
FFL,-0.0029678,-0.32099,5,500,6
FFL,-0.00067933,-0.37652,6,500,6
FFL,-0.0013181,-0.22917,7,500,6
FFL,-0.0021322,-0.27801,8,500,6
FFL,-0.0026239,-0.24098,9,500,6
FFL,-0.0018941,-0.22823,10,500,6
FFL,-0.0011882,-0.19852,1,500,7
FFL,-0.0024126,-0.29018,2,500,7
FFL,-0.0015668,-0.19152,3,500,7
FFL,-0.0039685,-0.25965,4,500,7
FFL,-0.0044593,-0.23434,5,500,7
FFL,-0.00027099,-0.32933,6,500,7
FFL,-0.0044263,-0.29232,7,500,7
FFL,-0.0012227,-0.19336,8,500,7
FFL,-0.0031449,-0.21181,9,500,7
FFL,-0.0019719,-0.31938,10,500,7
FFL,-0.00063609,-0.2437,1,500,8
FFL,-0.0053181,-0.2351,2,500,8
FFL,-0.0040658,-0.30349,3,500,8
FFL,-0.002489,-0.21857,4,500,8
FFL,-0.0013029,-0.35938,5,500,8
FFL,-0.0056474,-0.24065,6,500,8
FFL,-0.0032086,-0.26959,7,500,8
FFL,-0.00096303,-0.3915,8,500,8
FFL,-0.0014393,-0.17907,9,500,8
FFL,-0.0023153,-0.27153,10,500,8
FFL,-0.0096726,-0.26673,1,500,9
FFL,-0.0032647,-0.2797,2,500,9
FFL,-0.003287,-0.35951,3,500,9
FFL,-0.0005374,-0.32405,4,500,9
FFL,-0.002308,-0.30063,5,500,9
FFL,-0.0010874,-0.18811,6,500,9
FFL,-5.8766E-05,-0.24943,7,500,9
FFL,-0.0014782,-0.19818,8,500,9
FFL,-0.0032032,-0.31642,9,500,9
FFL,-0.0014145,-0.2947,10,500,9
FFL,-0.0019295,-0.20575,1,500,10
FFL,-0.004073,-0.27875,2,500,10
FFL,-0.00075413,-0.22953,3,500,10
FFL,-0.0019869,-0.35929,4,500,10
FFL,-0.00027606,-0.22696,5,500,10
FFL,-0.0022478,-0.35072,6,500,10
FFL,-0.0011169,-0.26945,7,500,10
FFL,-0.00050424,-0.14528,8,500,10
FFL,-0.001064,-0.23349,9,500,10
FFL,-0.0014029,-0.21819,10,500,10
FFL,-0.0050412,-0.24758,1,750,1
FFL,-0.00024362,-0.26123,2,750,1
FFL,-0.0012207,-0.23239,3,750,1
FFL,-0.0010506,-0.22167,4,750,1
FFL,-0.001137,-0.16481,5,750,1
FFL,-0.00056541,-0.22399,6,750,1
FFL,-0.0014373,-0.15621,7,750,1
FFL,-0.0036766,-0.20361,8,750,1
FFL,-0.001025,-0.31682,9,750,1
FFL,-0.0014076,-0.31328,10,750,1
FFL,-0.0011693,-0.23109,1,750,2
FFL,-0.0037132,-0.23113,2,750,2
FFL,-0.00047497,-0.22752,3,750,2
FFL,-2.5579E-05,-0.20876,4,750,2
FFL,-2.4145E-05,-0.13834,5,750,2
FFL,-0.0024653,-0.26042,6,750,2
FFL,-0.001141,-0.21128,7,750,2
FFL,-0.0031893,-0.33827,8,750,2
FFL,-6.5471E-05,-0.28053,9,750,2
FFL,-0.00052659,-0.18687,10,750,2
FFL,-0.00097392,-0.26943,1,750,3
FFL,-0.0012397,-0.31892,2,750,3
FFL,-0.0019965,-0.24443,3,750,3
FFL,-0.00098222,-0.17396,4,750,3
FFL,-0.0027249,-0.29053,5,750,3
FFL,-0.0038197,-0.25928,6,750,3
FFL,-0.0012666,-0.29808,7,750,3
FFL,-0.00042595,-0.21243,8,750,3
FFL,-0.0016145,-0.35091,9,750,3
FFL,-0.0010522,-0.18654,10,750,3
FFL,-0.001891,-0.24922,1,750,4
FFL,-0.0034236,-0.31709,2,750,4
FFL,-0.0020967,-0.24061,3,750,4
FFL,-0.002237,-0.30516,4,750,4
FFL,-0.0029347,-0.23089,5,750,4
FFL,-0.0054254,-0.27477,6,750,4
FFL,-0.0012091,-0.25918,7,750,4
FFL,-0.0043541,-0.19745,8,750,4
FFL,-0.0033679,-0.29639,9,750,4
FFL,-0.0014701,-0.1722,10,750,4
FFL,-0.0035081,-0.30213,1,750,5
FFL,-0.0025581,-0.26283,2,750,5
FFL,-0.00072172,-0.15174,3,750,5
FFL,-0.00079625,-0.17826,4,750,5
FFL,-9.5198E-05,-0.13646,5,750,5
FFL,-0.001487,-0.29706,6,750,5
FFL,-0.0026147,-0.21854,7,750,5
FFL,-0.0020086,-0.16558,8,750,5
FFL,-0.0023435,-0.25431,9,750,5
FFL,-0.0016628,-0.21896,10,750,5
FFL,-0.0006156,-0.3636,1,750,6
FFL,-0.00079476,-0.25007,2,750,6
FFL,-0.0041747,-0.20929,3,750,6
FFL,-0.0015132,-0.27884,4,750,6
FFL,-0.0032172,-0.33467,5,750,6
FFL,-0.0018748,-0.23434,6,750,6
FFL,-0.002497,-0.21892,7,750,6
FFL,-0.00077341,-0.22369,8,750,6
FFL,-0.003153,-0.29884,9,750,6
FFL,-0.0016657,-0.25381,10,750,6
FFL,-0.00138,-0.2385,1,750,7
FFL,-0.0027053,-0.26026,2,750,7
FFL,-0.0011741,-0.36259,3,750,7
FFL,-0.0016322,-0.3268,4,750,7
FFL,-0.00096689,-0.298,5,750,7
FFL,-0.005344,-0.26636,6,750,7
FFL,-0.00082055,-0.25139,7,750,7
FFL,-0.0011586,-0.18613,8,750,7
FFL,-0.0023433,-0.23755,9,750,7
FFL,-0.0013846,-0.32889,10,750,7
FFL,-0.0042334,-0.37903,1,750,8
FFL,-0.0018071,-0.32365,2,750,8
FFL,-0.0032333,-0.29418,3,750,8
FFL,-0.0027111,-0.24404,4,750,8
FFL,-0.0063966,-0.15463,5,750,8
FFL,-0.00012294,-0.23082,6,750,8
FFL,-0.00085891,-0.26803,7,750,8
FFL,-0.0004513,-0.18038,8,750,8
FFL,-0.00073982,-0.18523,9,750,8
FFL,-2.4044E-05,-0.21994,10,750,8
FFL,-0.0038071,-0.30248,1,750,9
FFL,-0.00022113,-0.29142,2,750,9
FFL,-0.00034973,-0.3092,3,750,9
FFL,-4.8119E-05,-0.27383,4,750,9
FFL,-0.001665,-0.37873,5,750,9
FFL,-0.0022157,-0.21558,6,750,9
FFL,-0.0018214,-0.20748,7,750,9
FFL,-0.003564,-0.19903,8,750,9
FFL,-0.0013842,-0.3673,9,750,9
FFL,-0.002871,-0.39845,10,750,9
FFL,-0.0012385,-0.26681,1,750,10
FFL,-0.00059829,-0.23543,2,750,10
FFL,-0.0027244,-0.24891,3,750,10
FFL,-0.00011416,-0.39019,4,750,10
FFL,-0.0019199,-0.31826,5,750,10
FFL,-0.001189,-0.34704,6,750,10
FFL,-0.0062474,-0.22072,7,750,10
FFL,-0.0012848,-0.2534,8,750,10
FFL,-0.0052603,-0.28963,9,750,10
FFL,-0.00093744,-0.24338,10,750,10
FFL,-0.0005186,-0.24673,1,1000,1
FFL,-0.0019428,-0.32085,2,1000,1
FFL,-0.00011197,-0.27259,3,1000,1
FFL,-0.00054483,-0.166,4,1000,1
FFL,-0.00039926,-0.22629,5,1000,1
FFL,-0.00026377,-0.22198,6,1000,1
FFL,-0.0020815,-0.20427,7,1000,1
FFL,-0.0019204,-0.43773,8,1000,1
FFL,-0.0011828,-0.36136,9,1000,1
FFL,-0.0010265,-0.22397,10,1000,1
FFL,-0.00057914,-0.23763,1,1000,2
FFL,-0.0018494,-0.16751,2,1000,2
FFL,-0.0016676,-0.31971,3,1000,2
FFL,-0.00090236,-0.28901,4,1000,2
FFL,-0.00060618,-0.28217,5,1000,2
FFL,-0.00076218,-0.27079,6,1000,2
FFL,-1.7894E-05,-0.35295,7,1000,2
FFL,-4.0605E-05,-0.23647,8,1000,2
FFL,-0.0014442,-0.23597,9,1000,2
FFL,-0.0012965,-0.19352,10,1000,2
FFL,-0.0011959,-0.2548,1,1000,3
FFL,-7.1162E-05,-0.22373,2,1000,3
FFL,-0.0020164,-0.40097,3,1000,3
FFL,-0.00081837,-0.20292,4,1000,3
FFL,-0.0040439,-0.27574,5,1000,3
FFL,-0.00093344,-0.15489,6,1000,3
FFL,-0.00025382,-0.24218,7,1000,3
FFL,-0.0029465,-0.27692,8,1000,3
FFL,-0.0041046,-0.1965,9,1000,3
FFL,-0.00063938,-0.27154,10,1000,3
FFL,-0.00069184,-0.48012,1,1000,4
FFL,-0.00076697,-0.21272,2,1000,4
FFL,-0.0037303,-0.23781,3,1000,4
FFL,-0.001551,-0.35306,4,1000,4
FFL,-0.003599,-0.25952,5,1000,4
FFL,-0.00010659,-0.17882,6,1000,4
FFL,-0.00054593,-0.19478,7,1000,4
FFL,-0.00012941,-0.23703,8,1000,4
FFL,-0.00070076,-0.4249,9,1000,4
FFL,-0.0015473,-0.33082,10,1000,4
FFL,-0.00080938,-0.39683,1,1000,5
FFL,-0.0030204,-0.22827,2,1000,5
FFL,-0.0019214,-0.23034,3,1000,5
FFL,-0.0013997,-0.16767,4,1000,5
FFL,-9.8319E-05,-0.23456,5,1000,5
FFL,-0.0024376,-0.25986,6,1000,5
FFL,-0.0015061,-0.24531,7,1000,5
FFL,-0.0013236,-0.2036,8,1000,5
FFL,-0.0011428,-0.27808,9,1000,5
FFL,-0.00033855,-0.27019,10,1000,5
FFL,-0.00032149,-0.26637,1,1000,6
FFL,-0.0016008,-0.24241,2,1000,6
FFL,-0.0013448,-0.27207,3,1000,6
FFL,-0.0024824,-0.21713,4,1000,6
FFL,-0.0015956,-0.24659,5,1000,6
FFL,-0.00014281,-0.32742,6,1000,6
FFL,-0.00081136,-0.27879,7,1000,6
FFL,-0.00030843,-0.33175,8,1000,6
FFL,-0.0010758,-0.22169,9,1000,6
FFL,-0.00021715,-0.3766,10,1000,6
FFL,-0.0027528,-0.25548,1,1000,7
FFL,-0.0017903,-0.24659,2,1000,7
FFL,-0.0018652,-0.24832,3,1000,7
FFL,-0.0011407,-0.27481,4,1000,7
FFL,-0.0015112,-0.2609,5,1000,7
FFL,-0.0010012,-0.16584,6,1000,7
FFL,-0.0020985,-0.25939,7,1000,7
FFL,-0.00091256,-0.18228,8,1000,7
FFL,-0.0009263,-0.25624,9,1000,7
FFL,-0.00011703,-0.28838,10,1000,7
FFL,-0.00063378,-0.32955,1,1000,8
FFL,-0.0025559,-0.3359,2,1000,8
FFL,-0.0040569,-0.22657,3,1000,8
FFL,-0.0011405,-0.23907,4,1000,8
FFL,-9.4587E-05,-0.24331,5,1000,8
FFL,-0.0010313,-0.31384,6,1000,8
FFL,-0.00041626,-0.29455,7,1000,8
FFL,-0.0020458,-0.44181,8,1000,8
FFL,-0.00027459,-0.18445,9,1000,8
FFL,-0.0015662,-0.24412,10,1000,8
FFL,-6.4587E-06,-0.31891,1,1000,9
FFL,-0.0013829,-0.23906,2,1000,9
FFL,-0.0022187,-0.27249,3,1000,9
FFL,-0.00285,-0.17736,4,1000,9
FFL,-0.0023438,-0.35425,5,1000,9
FFL,-0.0030666,-0.4412,6,1000,9
FFL,-0.0018491,-0.37138,7,1000,9
FFL,-0.0013761,-0.31428,8,1000,9
FFL,-0.0011143,-0.46337,9,1000,9
FFL,-0.0012152,-0.25229,10,1000,9
FFL,-0.0010095,-0.30779,1,1000,10
FFL,-0.00057501,-0.25337,2,1000,10
FFL,-0.00086522,-0.2423,3,1000,10
FFL,-0.0013447,-0.22707,4,1000,10
FFL,-8.7288E-05,-0.23095,5,1000,10
FFL,-0.0025462,-0.24616,6,1000,10
FFL,-0.00082012,-0.18385,7,1000,10
FFL,-0.00064885,-0.31153,8,1000,10
FFL,-0.00075579,-0.31518,9,1000,10
FFL,-0.00021881,-0.27441,10,1000,10
FFL,-0.0013917,-0.25684,1,1500,1
FFL,-0.00034401,-0.28051,2,1500,1
FFL,-0.0015849,-0.49136,3,1500,1
FFL,-0.00046605,-0.32885,4,1500,1
FFL,-7.811E-05,-0.40971,5,1500,1
FFL,-0.00059054,-0.20999,6,1500,1
FFL,-0.0010351,-0.20273,7,1500,1
FFL,-0.00076856,-0.24951,8,1500,1
FFL,-0.0003746,-0.25589,9,1500,1
FFL,-0.0010905,-0.2711,10,1500,1
FFL,-0.00072688,-0.24728,1,1500,2
FFL,-0.00090548,-0.21929,2,1500,2
FFL,-0.00074625,-0.30566,3,1500,2
FFL,-0.0012587,-0.30141,4,1500,2
FFL,-5.5021E-05,-0.43612,5,1500,2
FFL,-0.0003983,-0.24083,6,1500,2
FFL,-0.00075323,-0.28553,7,1500,2
FFL,-0.00032317,-0.26381,8,1500,2
FFL,-0.0012391,-0.23352,9,1500,2
FFL,-0.0011468,-0.25107,10,1500,2
FFL,-0.0001143,-0.26279,1,1500,3
FFL,-0.00080767,-0.28926,2,1500,3
FFL,-0.0015524,-0.29103,3,1500,3
FFL,-0.00055721,-0.37184,4,1500,3
FFL,-0.00091933,-0.2495,5,1500,3
FFL,-0.00031315,-0.1457,6,1500,3
FFL,-0.00042198,-0.20314,7,1500,3
FFL,-0.0011774,-0.30965,8,1500,3
FFL,-0.001948,-0.34841,9,1500,3
FFL,-0.0012096,-0.20977,10,1500,3
FFL,-0.00079395,-0.26746,1,1500,4
FFL,-0.0014561,-0.27136,2,1500,4
FFL,-0.00019186,-0.25359,3,1500,4
FFL,-0.00080656,-0.38921,4,1500,4
FFL,-0.0011108,-0.44858,5,1500,4
FFL,-0.00013507,-0.38958,6,1500,4
FFL,-0.0016998,-0.22653,7,1500,4
FFL,-0.00045989,-0.27993,8,1500,4
FFL,-0.0012178,-0.24891,9,1500,4
FFL,-8.8482E-05,-0.2848,10,1500,4
FFL,-0.00099594,-0.1868,1,1500,5
FFL,-0.0014107,-0.2602,2,1500,5
FFL,-6.3653E-05,-0.27471,3,1500,5
FFL,-0.0015452,-0.24973,4,1500,5
FFL,-0.001037,-0.20282,5,1500,5
FFL,-0.0011448,-0.33798,6,1500,5
FFL,-0.0018084,-0.28069,7,1500,5
FFL,-0.0010954,-0.28834,8,1500,5
FFL,-0.00018469,-0.28682,9,1500,5
FFL,-0.00089331,-0.32568,10,1500,5
FFL,-0.0012077,-0.25472,1,1500,6
FFL,-0.00016781,-0.16835,2,1500,6
FFL,-0.0018181,-0.20463,3,1500,6
FFL,-0.0011151,-0.24482,4,1500,6
FFL,-0.0019428,-0.2456,5,1500,6
FFL,-0.0009058,-0.17703,6,1500,6
FFL,-0.00071482,-0.33619,7,1500,6
FFL,-0.0013058,-0.22106,8,1500,6
FFL,-0.0010943,-0.20108,9,1500,6
FFL,-0.0010276,-0.20989,10,1500,6
FFL,-0.00070313,-0.22559,1,1500,7
FFL,-0.0009674,-0.32324,2,1500,7
FFL,-0.00013994,-0.24262,3,1500,7
FFL,-0.0013257,-0.40976,4,1500,7
FFL,-0.001899,-0.15804,5,1500,7
FFL,-0.00017066,-0.20453,6,1500,7
FFL,-2.0296E-05,-0.23255,7,1500,7
FFL,-0.00094495,-0.28625,8,1500,7
FFL,-0.0010975,-0.23539,9,1500,7
FFL,-0.0005073,-0.20949,10,1500,7
FFL,-0.00072474,-0.26679,1,1500,8
FFL,-0.00057088,-0.36122,2,1500,8
FFL,-0.00088857,-0.24423,3,1500,8
FFL,-0.00096403,-0.24451,4,1500,8
FFL,-0.00053315,-0.21971,5,1500,8
FFL,-0.00095461,-0.19306,6,1500,8
FFL,-0.00070223,-0.26639,7,1500,8
FFL,-0.00016006,-0.43404,8,1500,8
FFL,-0.00034326,-0.23104,9,1500,8
FFL,-0.0010999,-0.28999,10,1500,8
FFL,-0.00023484,-0.34287,1,1500,9
FFL,-0.00090441,-0.30578,2,1500,9
FFL,-0.0010925,-0.18457,3,1500,9
FFL,-0.00047423,-0.19697,4,1500,9
FFL,-0.0011829,-0.36421,5,1500,9
FFL,-0.00064631,-0.22196,6,1500,9
FFL,-0.00040895,-0.25134,7,1500,9
FFL,-0.00017917,-0.24456,8,1500,9
FFL,-0.0004451,-0.20537,9,1500,9
FFL,-0.0006042,-0.21554,10,1500,9
FFL,-0.00018457,-0.33302,1,1500,10
FFL,-0.0016178,-0.40722,2,1500,10
FFL,-0.00086099,-0.32547,3,1500,10
FFL,-0.0015534,-0.34433,4,1500,10
FFL,-0.00037526,-0.21178,5,1500,10
FFL,-6.4072E-05,-0.18716,6,1500,10
FFL,-0.00078431,-0.21006,7,1500,10
FFL,-0.0011116,-0.24666,8,1500,10
FFL,-0.0021535,-0.2295,9,1500,10
FFL,-0.00069837,-0.34275,10,1500,10
randG,-0.0012037,-0.38353,1,500,1
randG,-0.0050034,-0.40969,2,500,1
randG,-0.003034,-0.37637,3,500,1
randG,-0.0053001,-0.41627,4,500,1
randG,-0.0057885,-0.3946,5,500,1
randG,-0.0023862,-0.38962,6,500,1
randG,-0.0014839,-0.38064,7,500,1
randG,-0.0074068,-0.38252,8,500,1
randG,-0.0006553,-0.40747,9,500,1
randG,-0.0040312,-0.37915,10,500,1
randG,-0.00033135,-0.3975,1,500,2
randG,-0.0015692,-0.38539,2,500,2
randG,-0.0020212,-0.38044,3,500,2
randG,-0.0014194,-0.38284,4,500,2
randG,-0.0012104,-0.37735,5,500,2
randG,-0.0021293,-0.37698,6,500,2
randG,-0.0015444,-0.39441,7,500,2
randG,-0.0011994,-0.39988,8,500,2
randG,-0.00081412,-0.3872,9,500,2
randG,-0.002189,-0.37588,10,500,2
randG,-0.0053425,-0.37972,1,500,3
randG,-0.0030202,-0.38198,2,500,3
randG,-0.00116,-0.38491,3,500,3
randG,-0.00033076,-0.36133,4,500,3
randG,-0.0014598,-0.38419,5,500,3
randG,-0.000322,-0.38155,6,500,3
randG,-0.00070038,-0.39186,7,500,3
randG,-0.00053523,-0.38696,8,500,3
randG,-0.0024891,-0.42703,9,500,3
randG,-0.0041443,-0.38472,10,500,3
randG,-0.0030615,-0.41526,1,500,4
randG,-0.0040168,-0.41085,2,500,4
randG,-0.0035996,-0.39485,3,500,4
randG,-0.0035112,-0.37963,4,500,4
randG,-0.0033854,-0.39116,5,500,4
randG,-0.00074238,-0.4062,6,500,4
randG,-0.005434,-0.39568,7,500,4
randG,-0.012624,-0.39672,8,500,4
randG,-0.0065491,-0.38752,9,500,4
randG,-0.00026602,-0.39732,10,500,4
randG,-0.00013492,-0.43348,1,500,5
randG,-0.0021016,-0.3999,2,500,5
randG,-0.0024043,-0.38,3,500,5
randG,-0.0050321,-0.40828,4,500,5
randG,-0.0017601,-0.38293,5,500,5
randG,-0.00034593,-0.41596,6,500,5
randG,-0.0020216,-0.37176,7,500,5
randG,-0.00046303,-0.40696,8,500,5
randG,-0.0024422,-0.39134,9,500,5
randG,-0.002995,-0.37685,10,500,5
randG,-0.00095261,-0.38856,1,500,6
randG,-0.0034416,-0.35891,2,500,6
randG,-0.00018353,-0.37665,3,500,6
randG,-0.0032967,-0.39369,4,500,6
randG,-0.0011926,-0.38832,5,500,6
randG,-0.0057488,-0.38421,6,500,6
randG,-0.0010967,-0.39896,7,500,6
randG,-0.004537,-0.38749,8,500,6
randG,-0.00014039,-0.40582,9,500,6
randG,-0.0044752,-0.39135,10,500,6
randG,-0.0021472,-0.40634,1,500,7
randG,-0.0022197,-0.39928,2,500,7
randG,-0.0029078,-0.40883,3,500,7
randG,-0.0036143,-0.39989,4,500,7
randG,-0.00025511,-0.4118,5,500,7
randG,-0.0008582,-0.38589,6,500,7
randG,-0.0025377,-0.38701,7,500,7
randG,-0.0021727,-0.39752,8,500,7
randG,-0.0021835,-0.36812,9,500,7
randG,-0.0027564,-0.37763,10,500,7
randG,-0.0026641,-0.38049,1,500,8
randG,-0.0040211,-0.38026,2,500,8
randG,-0.0088178,-0.39222,3,500,8
randG,-0.00039536,-0.36908,4,500,8
randG,-0.0014835,-0.3818,5,500,8
randG,-0.0042759,-0.39065,6,500,8
randG,-0.0021323,-0.39965,7,500,8
randG,-0.0024939,-0.40591,8,500,8
randG,-0.0018202,-0.37116,9,500,8
randG,-0.00058492,-0.39899,10,500,8
randG,-0.0003773,-0.41744,1,500,9
randG,-0.00048557,-0.42279,2,500,9
randG,-0.0034865,-0.35723,3,500,9
randG,-0.0047264,-0.37981,4,500,9
randG,-0.0028121,-0.38375,5,500,9
randG,-0.0042345,-0.37322,6,500,9
randG,-0.0026909,-0.38576,7,500,9
randG,-0.0073016,-0.38405,8,500,9
randG,-0.0017835,-0.37209,9,500,9
randG,-0.0036194,-0.38438,10,500,9
randG,-0.00015469,-0.39205,1,500,10
randG,-0.00096736,-0.41227,2,500,10
randG,-0.0008099,-0.37049,3,500,10
randG,-0.000443,-0.39911,4,500,10
randG,-0.00023289,-0.42945,5,500,10
randG,-0.00071213,-0.38909,6,500,10
randG,-0.0028274,-0.39133,7,500,10
randG,-0.001132,-0.42817,8,500,10
randG,-0.0003105,-0.38469,9,500,10
randG,-0.0034901,-0.40488,10,500,10
randG,-0.00043142,-0.45424,1,750,1
randG,-0.0018626,-0.45432,2,750,1
randG,-0.0035592,-0.46436,3,750,1
randG,-0.00075639,-0.46226,4,750,1
randG,-0.0016553,-0.43924,5,750,1
randG,-3.7528E-06,-0.44414,6,750,1
randG,-0.00096058,-0.46433,7,750,1
randG,-0.0023075,-0.46288,8,750,1
randG,-0.0082731,-0.48838,9,750,1
randG,-0.0024602,-0.43533,10,750,1
randG,-0.00081986,-0.4484,1,750,2
randG,-0.00019617,-0.46223,2,750,2
randG,-0.0031852,-0.46278,3,750,2
randG,-0.0022438,-0.44934,4,750,2
randG,-0.00055911,-0.45317,5,750,2
randG,-6.4908E-05,-0.44104,6,750,2
randG,-0.0019795,-0.46152,7,750,2
randG,-0.004161,-0.43955,8,750,2
randG,-0.0027343,-0.46778,9,750,2
randG,-0.0010281,-0.45784,10,750,2
randG,-0.0024183,-0.47433,1,750,3
randG,-0.0018206,-0.47118,2,750,3
randG,-0.0002731,-0.45551,3,750,3
randG,-0.0034684,-0.45063,4,750,3
randG,-0.002548,-0.47598,5,750,3
randG,-0.00067978,-0.45646,6,750,3
randG,-0.00027096,-0.4507,7,750,3
randG,-0.00027075,-0.47183,8,750,3
randG,-7.3307E-05,-0.46344,9,750,3
randG,-0.00071519,-0.45102,10,750,3
randG,-3.3445E-06,-0.46122,1,750,4
randG,-0.00054788,-0.47141,2,750,4
randG,-0.0032081,-0.44825,3,750,4
randG,-0.0011262,-0.44239,4,750,4
randG,-1.9312E-06,-0.49181,5,750,4
randG,-0.00016792,-0.45273,6,750,4
randG,-0.0022223,-0.48064,7,750,4
randG,-0.0018198,-0.45207,8,750,4
randG,-2.5796E-05,-0.47636,9,750,4
randG,-0.0019735,-0.4573,10,750,4
randG,-0.0024208,-0.4837,1,750,5
randG,-0.0025477,-0.47415,2,750,5
randG,-0.00073822,-0.48538,3,750,5
randG,-0.0015142,-0.44384,4,750,5
randG,-0.0053439,-0.45368,5,750,5
randG,-0.0031464,-0.46219,6,750,5
randG,-0.002296,-0.47443,7,750,5
randG,-0.00088157,-0.49993,8,750,5
randG,-0.0019242,-0.43729,9,750,5
randG,-0.003922,-0.48228,10,750,5
randG,-0.008595,-0.45045,1,750,6
randG,-0.00019459,-0.47447,2,750,6
randG,-0.0011131,-0.45043,3,750,6
randG,-0.00061288,-0.46885,4,750,6
randG,-0.0013553,-0.45124,5,750,6
randG,-0.0029076,-0.46437,6,750,6
randG,-6.9037E-05,-0.46359,7,750,6
randG,-0.0029451,-0.45988,8,750,6
randG,-0.00069784,-0.47296,9,750,6
randG,-0.00072689,-0.45009,10,750,6
randG,-0.0014004,-0.47155,1,750,7
randG,-0.0012504,-0.46207,2,750,7
randG,-0.0014757,-0.47089,3,750,7
randG,-0.0031528,-0.44669,4,750,7
randG,-0.0015827,-0.46463,5,750,7
randG,-0.0020971,-0.46313,6,750,7
randG,-0.00070689,-0.45455,7,750,7
randG,-0.0010482,-0.45135,8,750,7
randG,-0.0021648,-0.44704,9,750,7
randG,-0.0007257,-0.45663,10,750,7
randG,-0.0021729,-0.46227,1,750,8
randG,-0.001052,-0.47641,2,750,8
randG,-0.0039382,-0.44584,3,750,8
randG,-0.00063514,-0.45282,4,750,8
randG,-0.0029279,-0.44778,5,750,8
randG,-0.00026512,-0.47825,6,750,8
randG,-0.0040137,-0.43683,7,750,8
randG,-0.00041534,-0.48404,8,750,8
randG,-0.0018413,-0.43981,9,750,8
randG,-0.0017277,-0.42618,10,750,8
randG,-0.0034908,-0.46996,1,750,9
randG,-0.00036891,-0.45507,2,750,9
randG,-3.234E-05,-0.47075,3,750,9
randG,-0.0025694,-0.47544,4,750,9
randG,-0.0017669,-0.46291,5,750,9
randG,-0.00028781,-0.43733,6,750,9
randG,-0.0034296,-0.4439,7,750,9
randG,-0.00043201,-0.46468,8,750,9
randG,-0.0017327,-0.4568,9,750,9
randG,-0.00063253,-0.45625,10,750,9
randG,-0.0021735,-0.43601,1,750,10
randG,-0.0014697,-0.44219,2,750,10
randG,-0.0012688,-0.45338,3,750,10
randG,-0.00064531,-0.4728,4,750,10
randG,-0.009128,-0.45931,5,750,10
randG,-0.0004411,-0.45069,6,750,10
randG,-0.00065216,-0.45141,7,750,10
randG,-0.0013533,-0.4569,8,750,10
randG,-0.0059586,-0.47063,9,750,10
randG,-0.00082777,-0.43878,10,750,10
randG,-0.0053102,-0.52029,1,1000,1
randG,-0.010312,-0.51632,2,1000,1
randG,-0.00066174,-0.51329,3,1000,1
randG,-0.0020871,-0.51463,4,1000,1
randG,-0.0019844,-0.50701,5,1000,1
randG,-0.00060739,-0.50476,6,1000,1
randG,-0.00084357,-0.51682,7,1000,1
randG,-0.0018464,-0.52695,8,1000,1
randG,-0.017895,-0.53803,9,1000,1
randG,-0.0003436,-0.52686,10,1000,1
randG,-0.00071679,-0.51094,1,1000,2
randG,-0.00049866,-0.52397,2,1000,2
randG,-0.0007231,-0.50081,3,1000,2
randG,-0.0019252,-0.50486,4,1000,2
randG,-0.0003025,-0.50275,5,1000,2
randG,-0.0021687,-0.52261,6,1000,2
randG,-0.00048785,-0.51649,7,1000,2
randG,-0.0012721,-0.54241,8,1000,2
randG,-0.0024945,-0.49019,9,1000,2
randG,-0.0016241,-0.52124,10,1000,2
randG,-0.00051081,-0.50519,1,1000,3
randG,-0.0046716,-0.49718,2,1000,3
randG,-0.00068271,-0.51026,3,1000,3
randG,-0.00025834,-0.5013,4,1000,3
randG,-0.0010225,-0.51604,5,1000,3
randG,-0.00039805,-0.50813,6,1000,3
randG,-0.00066477,-0.48547,7,1000,3
randG,-0.002833,-0.50772,8,1000,3
randG,-0.00038964,-0.49784,9,1000,3
randG,-0.00051669,-0.53531,10,1000,3
randG,-0.0020012,-0.51007,1,1000,4
randG,-0.0060994,-0.50275,2,1000,4
randG,-0.0019475,-0.50795,3,1000,4
randG,-8.7253E-05,-0.51761,4,1000,4
randG,-0.00037952,-0.50126,5,1000,4
randG,-0.00048022,-0.50825,6,1000,4
randG,-0.0014155,-0.49688,7,1000,4
randG,-0.00061678,-0.50414,8,1000,4
randG,-0.00087468,-0.50451,9,1000,4
randG,-0.00063812,-0.50079,10,1000,4
randG,-0.00074843,-0.49516,1,1000,5
randG,-0.00058052,-0.50131,2,1000,5
randG,-0.00095302,-0.51521,3,1000,5
randG,-0.00027207,-0.51309,4,1000,5
randG,-0.00011445,-0.51937,5,1000,5
randG,-0.0013903,-0.52103,6,1000,5
randG,-0.0019971,-0.50831,7,1000,5
randG,-0.00073514,-0.52111,8,1000,5
randG,-0.005,-0.51469,9,1000,5
randG,-0.0042647,-0.50658,10,1000,5
randG,-0.0016248,-0.5257,1,1000,6
randG,-0.0012711,-0.51547,2,1000,6
randG,-0.00019392,-0.51606,3,1000,6
randG,-0.0037547,-0.53818,4,1000,6
randG,-0.00090091,-0.50708,5,1000,6
randG,-0.00074286,-0.50565,6,1000,6
randG,-0.00050025,-0.51273,7,1000,6
randG,-0.0010576,-0.51425,8,1000,6
randG,-0.0015956,-0.51805,9,1000,6
randG,-0.00081318,-0.49125,10,1000,6
randG,-0.0025166,-0.51192,1,1000,7
randG,-0.0029883,-0.5096,2,1000,7
randG,-0.0047068,-0.50692,3,1000,7
randG,-0.001746,-0.50787,4,1000,7
randG,-0.0010325,-0.51376,5,1000,7
randG,-0.0027966,-0.50136,6,1000,7
randG,-0.00025447,-0.51789,7,1000,7
randG,-0.00011882,-0.49423,8,1000,7
randG,-8.6206E-05,-0.53167,9,1000,7
randG,-0.0027547,-0.50407,10,1000,7
randG,-0.0016848,-0.50326,1,1000,8
randG,-0.007259,-0.50903,2,1000,8
randG,-0.00022504,-0.54384,3,1000,8
randG,-0.00017975,-0.49692,4,1000,8
randG,-0.0009326,-0.52225,5,1000,8
randG,-0.0016445,-0.51161,6,1000,8
randG,-0.0022461,-0.50764,7,1000,8
randG,-0.00087273,-0.50429,8,1000,8
randG,-0.0039844,-0.51601,9,1000,8
randG,-0.00018597,-0.54784,10,1000,8
randG,-0.0030784,-0.51226,1,1000,9
randG,-0.00083721,-0.52196,2,1000,9
randG,-0.00045439,-0.53713,3,1000,9
randG,-0.0018011,-0.51844,4,1000,9
randG,-0.0022484,-0.49965,5,1000,9
randG,-0.00040962,-0.52983,6,1000,9
randG,-0.00087949,-0.50565,7,1000,9
randG,-0.0013671,-0.48685,8,1000,9
randG,-0.00027104,-0.53045,9,1000,9
randG,-0.00081688,-0.54158,10,1000,9
randG,-0.0039549,-0.51618,1,1000,10
randG,-0.0040217,-0.50147,2,1000,10
randG,-0.0011835,-0.53544,3,1000,10
randG,-0.00066234,-0.4793,4,1000,10
randG,-0.00029573,-0.52582,5,1000,10
randG,-0.00020728,-0.50967,6,1000,10
randG,-0.00037776,-0.50305,7,1000,10
randG,-3.7429E-05,-0.51405,8,1000,10
randG,-0.0039612,-0.50237,9,1000,10
randG,-0.0017221,-0.51061,10,1000,10
randG,-0.0010218,-0.5941,1,1500,1
randG,-0.00075207,-0.61507,2,1500,1
randG,-0.00036255,-0.59301,3,1500,1
randG,-0.0013635,-0.58547,4,1500,1
randG,-0.00085837,-0.59858,5,1500,1
randG,-0.00031273,-0.59283,6,1500,1
randG,-0.0069234,-0.59362,7,1500,1
randG,-0.009425,-0.59141,8,1500,1
randG,-0.00094848,-0.58945,9,1500,1
randG,-0.0011271,-0.58091,10,1500,1
randG,-0.00035944,-0.58041,1,1500,2
randG,-0.00216,-0.76484,2,1500,2
randG,-7.004E-05,-0.57389,3,1500,2
randG,-0.00048135,-0.58996,4,1500,2
randG,-0.000908,-0.59663,5,1500,2
randG,-0.00037278,-0.59999,6,1500,2
randG,-0.0021146,-0.72852,7,1500,2
randG,-0.0028453,-0.58095,8,1500,2
randG,-0.00014457,-0.60832,9,1500,2
randG,-0.00084877,-0.60695,10,1500,2
randG,-0.00017526,-0.59479,1,1500,3
randG,-0.00026356,-0.58384,2,1500,3
randG,-0.00045362,-0.5845,3,1500,3
randG,-0.00076184,-0.5792,4,1500,3
randG,-0.0005157,-0.59122,5,1500,3
randG,-0.00031248,-0.5766,6,1500,3
randG,-0.0014894,-0.6115,7,1500,3
randG,-0.00031279,-0.5824,8,1500,3
randG,-0.00020451,-0.76689,9,1500,3
randG,-8.7007E-05,-0.58192,10,1500,3
randG,-0.00051942,-0.60116,1,1500,4
randG,-0.00069139,-0.57244,2,1500,4
randG,-0.00023427,-0.58033,3,1500,4
randG,-0.00093014,-0.5926,4,1500,4
randG,-0.0015245,-0.81051,5,1500,4
randG,-0.002892,-0.56912,6,1500,4
randG,-0.00052162,-0.58332,7,1500,4
randG,-0.00038611,-0.5963,8,1500,4
randG,-0.00043656,-0.55688,9,1500,4
randG,-2.7737E-05,-0.58005,10,1500,4
randG,-0.0018173,-0.58739,1,1500,5
randG,-0.00078816,-0.56498,2,1500,5
randG,-0.00038168,-0.62366,3,1500,5
randG,-0.00043485,-0.75221,4,1500,5
randG,-0.00073913,-0.59224,5,1500,5
randG,-0.00058066,-0.57228,6,1500,5
randG,-0.0022154,-0.59433,7,1500,5
randG,-0.00020835,-0.58488,8,1500,5
randG,-0.002802,-0.57617,9,1500,5
randG,-3.2596E-05,-0.5857,10,1500,5
randG,-0.00028132,-0.59101,1,1500,6
randG,-0.0009652,-0.59074,2,1500,6
randG,-0.00085142,-0.59606,3,1500,6
randG,-0.00037908,-0.59595,4,1500,6
randG,-0.00082173,-0.58633,5,1500,6
randG,-0.00031027,-0.58588,6,1500,6
randG,-0.0008207,-0.59661,7,1500,6
randG,-0.00061845,-0.60541,8,1500,6
randG,-0.00030884,-0.59226,9,1500,6
randG,-0.00029517,-0.56581,10,1500,6
randG,-0.00017186,-0.58502,1,1500,7
randG,-0.00045502,-0.59513,2,1500,7
randG,-0.0003327,-0.5966,3,1500,7
randG,-7.5339E-05,-0.58492,4,1500,7
randG,-0.00022746,-0.58575,5,1500,7
randG,-0.002948,-0.59999,6,1500,7
randG,-0.00028037,-0.59308,7,1500,7
randG,-0.00052097,-0.56734,8,1500,7
randG,-0.0014616,-0.60574,9,1500,7
randG,-2.7416E-05,-0.59248,10,1500,7
randG,-0.0011816,-0.57789,1,1500,8
randG,-0.00079187,-0.57591,2,1500,8
randG,-0.0033996,-0.59522,3,1500,8
randG,-0.0011243,-0.58224,4,1500,8
randG,-0.00010547,-0.57171,5,1500,8
randG,-0.00018524,-0.58308,6,1500,8
randG,-0.0016089,-0.59188,7,1500,8
randG,-0.0013979,-0.56866,8,1500,8
randG,-0.0011152,-0.56944,9,1500,8
randG,-0.0014265,-0.59317,10,1500,8
randG,-0.00070434,-0.5872,1,1500,9
randG,-0.00085954,-0.6002,2,1500,9
randG,-6.9876E-05,-0.57682,3,1500,9
randG,-0.0017437,-0.59896,4,1500,9
randG,-0.0018199,-0.57331,5,1500,9
randG,-0.00012395,-0.75999,6,1500,9
randG,-0.0005484,-0.585,7,1500,9
randG,-0.0030808,-0.60369,8,1500,9
randG,-0.00079818,-0.57679,9,1500,9
randG,-0.00067165,-0.57556,10,1500,9
randG,-0.0009726,-0.59263,1,1500,10
randG,-0.00027866,-0.5946,2,1500,10
randG,-0.00029251,-0.58988,3,1500,10
randG,-0.0017895,-0.58691,4,1500,10
randG,-0.0018678,-0.58292,5,1500,10
randG,-0.00074958,-0.57266,6,1500,10
randG,-0.0011681,-0.5919,7,1500,10
randG,-0.00053198,-0.57364,8,1500,10
randG,-0.00025513,-0.58099,9,1500,10
randG,-9.6123E-06,-0.58988,10,1500,10
DAG,-0.0050098,-0.27391,1,500,1
DAG,-0.00060013,-0.27001,2,500,1
DAG,-0.00074905,-0.25537,3,500,1
DAG,-0.0008999,-0.28424,4,500,1
DAG,-0.0046052,-0.24055,5,500,1
DAG,-0.00065253,-0.24949,6,500,1
DAG,-0.0058973,-0.24415,7,500,1
DAG,-0.0037259,-0.25612,8,500,1
DAG,-0.00078158,-0.23985,9,500,1
DAG,-0.0006664,-0.24219,10,500,1
DAG,-0.00024855,-0.26066,1,500,2
DAG,-0.0031344,-0.24426,2,500,2
DAG,-0.0064027,-0.258,3,500,2
DAG,-0.00046499,-0.26371,4,500,2
DAG,-0.0014727,-0.24583,5,500,2
DAG,-0.00033322,-0.22938,6,500,2
DAG,-0.00025077,-0.25968,7,500,2
DAG,-0.0017789,-0.22955,8,500,2
DAG,-0.00029839,-0.25911,9,500,2
DAG,-0.0030164,-0.24206,10,500,2
DAG,-0.0017132,-0.23298,1,500,3
DAG,-0.0059341,-0.23882,2,500,3
DAG,-0.00071385,-0.24108,3,500,3
DAG,-0.0011281,-0.23651,4,500,3
DAG,-0.0022551,-0.2608,5,500,3
DAG,-0.0057359,-0.23364,6,500,3
DAG,-0.0016729,-0.25913,7,500,3
DAG,-0.001163,-0.2537,8,500,3
DAG,-0.0022171,-0.24807,9,500,3
DAG,-0.0016091,-0.23916,10,500,3
DAG,-0.0023772,-0.24169,1,500,4
DAG,-0.0013774,-0.2505,2,500,4
DAG,-0.0029928,-0.24568,3,500,4
DAG,-0.00098613,-0.24314,4,500,4
DAG,-0.001729,-0.24264,5,500,4
DAG,-0.0022228,-0.24193,6,500,4
DAG,-0.00071467,-0.24946,7,500,4
DAG,-0.0049466,-0.24717,8,500,4
DAG,-0.0018162,-0.23892,9,500,4
DAG,-0.00095444,-0.24268,10,500,4
DAG,-0.0014129,-0.27503,1,500,5
DAG,-0.0011541,-0.24208,2,500,5
DAG,-0.0027895,-0.25245,3,500,5
DAG,-0.00024248,-0.24873,4,500,5
DAG,-0.0054562,-0.26798,5,500,5
DAG,-0.0036849,-0.27079,6,500,5
DAG,-0.0017993,-0.24749,7,500,5
DAG,-0.0017044,-0.27172,8,500,5
DAG,-0.0068421,-0.23546,9,500,5
DAG,-0.0023511,-0.25061,10,500,5
DAG,-0.00091124,-0.25034,1,500,6
DAG,-0.0011093,-0.25079,2,500,6
DAG,-0.0023106,-0.23311,3,500,6
DAG,-0.0015747,-0.26089,4,500,6
DAG,-0.000313,-0.26086,5,500,6
DAG,-0.0013551,-0.25868,6,500,6
DAG,-0.0029141,-0.26326,7,500,6
DAG,-0.00010804,-0.27233,8,500,6
DAG,-0.00049029,-0.26332,9,500,6
DAG,-0.00047561,-0.23402,10,500,6
DAG,-0.0033192,-0.2652,1,500,7
DAG,-0.0010826,-0.26847,2,500,7
DAG,-0.00093139,-0.23756,3,500,7
DAG,-0.00064348,-0.23434,4,500,7
DAG,-0.005255,-0.25475,5,500,7
DAG,-0.0095747,-0.25384,6,500,7
DAG,-0.003082,-0.25373,7,500,7
DAG,-0.0036156,-0.24065,8,500,7
DAG,-0.0033963,-0.26156,9,500,7
DAG,-0.0013913,-0.23184,10,500,7
DAG,-0.0048554,-0.23788,1,500,8
DAG,-0.0047302,-0.26151,2,500,8
DAG,-0.0058449,-0.23766,3,500,8
DAG,-0.0024115,-0.27938,4,500,8
DAG,-0.00020707,-0.26933,5,500,8
DAG,-0.0012163,-0.25916,6,500,8
DAG,-0.00030584,-0.23635,7,500,8
DAG,-0.0037382,-0.24627,8,500,8
DAG,-0.00013718,-0.25917,9,500,8
DAG,-0.0022768,-0.25162,10,500,8
DAG,-0.0042093,-0.24093,1,500,9
DAG,-0.0042778,-0.25302,2,500,9
DAG,-0.015046,-0.25379,3,500,9
DAG,-0.0022641,-0.24983,4,500,9
DAG,-0.00062425,-0.24967,5,500,9
DAG,-8.5263E-05,-0.24621,6,500,9
DAG,-0.0043128,-0.25098,7,500,9
DAG,-0.0073854,-0.2514,8,500,9
DAG,-0.0034055,-0.23812,9,500,9
DAG,-0.00040309,-0.25389,10,500,9
DAG,-0.0033834,-0.26252,1,500,10
DAG,-0.00065334,-0.26071,2,500,10
DAG,-0.00050608,-0.24452,3,500,10
DAG,-0.0031328,-0.24547,4,500,10
DAG,-0.0028868,-0.24508,5,500,10
DAG,-0.003187,-0.25404,6,500,10
DAG,-0.000514,-0.24913,7,500,10
DAG,-0.0021328,-0.26113,8,500,10
DAG,-0.0011576,-0.2768,9,500,10
DAG,-0.00089157,-0.25441,10,500,10
DAG,-0.00056605,-0.2927,1,750,1
DAG,-0.00045105,-0.28546,2,750,1
DAG,-0.0013574,-0.28098,3,750,1
DAG,-0.00088728,-0.29472,4,750,1
DAG,-0.0019327,-0.24195,5,750,1
DAG,-0.0015466,-0.26231,6,750,1
DAG,-0.0024545,-0.25844,7,750,1
DAG,-0.00065426,-0.2919,8,750,1
DAG,-0.00047012,-0.31466,9,750,1
DAG,-0.00051522,-0.27641,10,750,1
DAG,-0.00036187,-0.30336,1,750,2
DAG,-0.0028967,-0.27461,2,750,2
DAG,-0.0018398,-0.25902,3,750,2
DAG,-0.002601,-0.29511,4,750,2
DAG,-0.0022718,-0.27584,5,750,2
DAG,-0.00026006,-0.25685,6,750,2
DAG,-0.0015583,-0.2749,7,750,2
DAG,-0.00056396,-0.31509,8,750,2
DAG,-0.0004689,-0.29165,9,750,2
DAG,-0.0038287,-0.28558,10,750,2
DAG,-0.00057661,-0.2586,1,750,3
DAG,-0.00034354,-0.26521,2,750,3
DAG,-0.00015787,-0.27711,3,750,3
DAG,-0.00054071,-0.28416,4,750,3
DAG,-0.00016089,-0.27288,5,750,3
DAG,-0.00042973,-0.28225,6,750,3
DAG,-0.00013489,-0.2866,7,750,3
DAG,-0.00041285,-0.28481,8,750,3
DAG,-0.0029612,-0.26978,9,750,3
DAG,-0.0015623,-0.26729,10,750,3
DAG,-0.00076936,-0.28846,1,750,4
DAG,-0.0031073,-0.2664,2,750,4
DAG,-0.00036503,-0.29842,3,750,4
DAG,-0.0021392,-0.26635,4,750,4
DAG,-0.00076379,-0.28885,5,750,4
DAG,-0.0031579,-0.29732,6,750,4
DAG,-0.00027697,-0.28005,7,750,4
DAG,-0.0011349,-0.26571,8,750,4
DAG,-0.0042006,-0.28425,9,750,4
DAG,-0.0031416,-0.29431,10,750,4
DAG,-0.0059331,-0.26964,1,750,5
DAG,-6.1692E-05,-0.26508,2,750,5
DAG,-0.0010811,-0.26784,3,750,5
DAG,-0.0019324,-0.27699,4,750,5
DAG,-0.007689,-0.26488,5,750,5
DAG,-0.0011372,-0.27915,6,750,5
DAG,-0.0041789,-0.27596,7,750,5
DAG,-0.0018673,-0.29299,8,750,5
DAG,-0.004347,-0.26739,9,750,5
DAG,-0.00046018,-0.28003,10,750,5
DAG,-0.0022665,-0.28267,1,750,6
DAG,-0.0031665,-0.28929,2,750,6
DAG,-0.002497,-0.29325,3,750,6
DAG,-0.0014346,-0.26369,4,750,6
DAG,-0.0030514,-0.27422,5,750,6
DAG,-0.0035139,-0.25758,6,750,6
DAG,-0.0007749,-0.29104,7,750,6
DAG,-0.00046489,-0.27525,8,750,6
DAG,-0.0002636,-0.28432,9,750,6
DAG,-0.0014731,-0.27802,10,750,6
DAG,-0.0021377,-0.26004,1,750,7
DAG,-0.00099653,-0.25972,2,750,7
DAG,-0.0017824,-0.26546,3,750,7
DAG,-0.0083096,-0.25937,4,750,7
DAG,-0.00025416,-0.26542,5,750,7
DAG,-0.0023646,-0.29802,6,750,7
DAG,-0.0049747,-0.27787,7,750,7
DAG,-0.0024934,-0.25658,8,750,7
DAG,-0.00043497,-0.27051,9,750,7
DAG,-0.0029106,-0.2846,10,750,7
DAG,-0.0037186,-0.28187,1,750,8
DAG,-0.0013932,-0.2811,2,750,8
DAG,-0.00085889,-0.27169,3,750,8
DAG,-0.0018052,-0.27657,4,750,8
DAG,-3.5237E-05,-0.29246,5,750,8
DAG,-0.0018,-0.30353,6,750,8
DAG,-0.00012621,-0.27846,7,750,8
DAG,-0.00079266,-0.26545,8,750,8
DAG,-0.0033523,-0.26658,9,750,8
DAG,-0.00058286,-0.2728,10,750,8
DAG,-0.0033887,-0.29857,1,750,9
DAG,-0.0023765,-0.28497,2,750,9
DAG,-0.0023273,-0.27859,3,750,9
DAG,-0.0034887,-0.24574,4,750,9
DAG,-0.0036492,-0.269,5,750,9
DAG,-0.0025112,-0.31368,6,750,9
DAG,-0.0014861,-0.27129,7,750,9
DAG,-0.00033259,-0.27992,8,750,9
DAG,-0.0010313,-0.26042,9,750,9
DAG,-0.00051937,-0.2719,10,750,9
DAG,-0.0022447,-0.29074,1,750,10
DAG,-6.7672E-05,-0.2699,2,750,10
DAG,-0.00029513,-0.28244,3,750,10
DAG,-0.0010851,-0.28481,4,750,10
DAG,-0.0008106,-0.29257,5,750,10
DAG,-0.0087076,-0.27148,6,750,10
DAG,-0.0046396,-0.27041,7,750,10
DAG,-0.0011485,-0.25964,8,750,10
DAG,-0.0027825,-0.2719,9,750,10
DAG,-0.0014017,-0.27479,10,750,10
DAG,-0.0013042,-0.29959,1,1000,1
DAG,-0.0027218,-0.28615,2,1000,1
DAG,-0.0013082,-0.30087,3,1000,1
DAG,-0.00075774,-0.29894,4,1000,1
DAG,-0.0030005,-0.33045,5,1000,1
DAG,-0.00049732,-0.29722,6,1000,1
DAG,-0.0016885,-0.3161,7,1000,1
DAG,-0.0025899,-0.30685,8,1000,1
DAG,-0.00091525,-0.29082,9,1000,1
DAG,-0.0028576,-0.28017,10,1000,1
DAG,-0.00076505,-0.30029,1,1000,2
DAG,-0.00050045,-0.30516,2,1000,2
DAG,-0.00047294,-0.30939,3,1000,2
DAG,-0.00078994,-0.27194,4,1000,2
DAG,-0.00099816,-0.29579,5,1000,2
DAG,-0.001759,-0.33241,6,1000,2
DAG,-0.0063915,-0.32512,7,1000,2
DAG,-0.00060731,-0.31462,8,1000,2
DAG,-0.0003317,-0.30224,9,1000,2
DAG,-0.00048394,-0.31166,10,1000,2
DAG,-0.00043032,-0.30746,1,1000,3
DAG,-0.0004921,-0.28206,2,1000,3
DAG,-0.00022117,-0.30655,3,1000,3
DAG,-0.00019368,-0.28603,4,1000,3
DAG,-0.00022063,-0.29701,5,1000,3
DAG,-0.0022802,-0.30362,6,1000,3
DAG,-0.0072304,-0.3081,7,1000,3
DAG,-0.0029393,-0.30647,8,1000,3
DAG,-0.0014475,-0.29442,9,1000,3
DAG,-0.00026691,-0.27342,10,1000,3
DAG,-0.0060203,-0.3004,1,1000,4
DAG,-0.00024656,-0.30679,2,1000,4
DAG,-0.0033489,-0.29646,3,1000,4
DAG,-0.0018479,-0.30644,4,1000,4
DAG,-0.0033602,-0.2884,5,1000,4
DAG,-0.00029532,-0.30133,6,1000,4
DAG,-0.00040124,-0.29573,7,1000,4
DAG,-0.0021071,-0.29213,8,1000,4
DAG,-0.00076179,-0.29164,9,1000,4
DAG,-0.0001277,-0.29712,10,1000,4
DAG,-0.00088147,-0.30457,1,1000,5
DAG,-0.0010061,-0.29083,2,1000,5
DAG,-0.0013331,-0.29578,3,1000,5
DAG,-0.0019807,-0.30697,4,1000,5
DAG,-0.0005188,-0.30769,5,1000,5
DAG,-0.000414,-0.2712,6,1000,5
DAG,-0.00047029,-0.29745,7,1000,5
DAG,-0.00080126,-0.2826,8,1000,5
DAG,-0.0089401,-0.29323,9,1000,5
DAG,-0.0023552,-0.34821,10,1000,5
DAG,-0.00078562,-0.31105,1,1000,6
DAG,-0.00059954,-0.30927,2,1000,6
DAG,-0.0016523,-0.29941,3,1000,6
DAG,-0.0024294,-0.29267,4,1000,6
DAG,-0.00045617,-0.29095,5,1000,6
DAG,-0.0050632,-0.31325,6,1000,6
DAG,-0.00054095,-0.31072,7,1000,6
DAG,-0.00044315,-0.30544,8,1000,6
DAG,-0.00010097,-0.31372,9,1000,6
DAG,-0.016009,-0.28786,10,1000,6
DAG,-0.0017692,-0.2791,1,1000,7
DAG,-0.0003913,-0.29522,2,1000,7
DAG,-0.0016139,-0.30836,3,1000,7
DAG,-0.0026961,-0.30421,4,1000,7
DAG,-0.0055964,-0.28483,5,1000,7
DAG,-0.00037594,-0.31262,6,1000,7
DAG,-0.0015969,-0.30427,7,1000,7
DAG,-0.0010158,-0.30722,8,1000,7
DAG,-0.00048154,-0.26998,9,1000,7
DAG,-0.0022359,-0.28258,10,1000,7
DAG,-0.0012402,-0.30045,1,1000,8
DAG,-0.0019368,-0.30038,2,1000,8
DAG,-0.00065747,-0.28355,3,1000,8
DAG,-0.0007775,-0.30483,4,1000,8
DAG,-0.00051522,-0.28752,5,1000,8
DAG,-0.0051018,-0.30427,6,1000,8
DAG,-0.0015853,-0.27762,7,1000,8
DAG,-0.00077134,-0.2837,8,1000,8
DAG,-0.00029969,-0.29854,9,1000,8
DAG,-0.0046056,-0.30697,10,1000,8
DAG,-0.0050637,-0.31165,1,1000,9
DAG,-0.0003759,-0.29937,2,1000,9
DAG,-0.00063911,-0.29065,3,1000,9
DAG,-0.00091478,-0.3035,4,1000,9
DAG,-0.002048,-0.30069,5,1000,9
DAG,-0.0049173,-0.29916,6,1000,9
DAG,-0.00067734,-0.33233,7,1000,9
DAG,-0.0051528,-0.30519,8,1000,9
DAG,-0.0013968,-0.28499,9,1000,9
DAG,-0.00098619,-0.29409,10,1000,9
DAG,-0.0014297,-0.29954,1,1000,10
DAG,-0.0060972,-0.30518,2,1000,10
DAG,-4.5542E-05,-0.309,3,1000,10
DAG,-0.00054919,-0.27228,4,1000,10
DAG,-0.00026119,-0.31891,5,1000,10
DAG,-0.0033934,-0.28048,6,1000,10
DAG,-0.0042506,-0.29623,7,1000,10
DAG,-0.00026494,-0.29644,8,1000,10
DAG,-0.00084432,-0.31294,9,1000,10
DAG,-0.0024457,-0.28711,10,1000,10
DAG,-5.5734E-05,-0.31325,1,1500,1
DAG,-0.00059613,-0.30282,2,1500,1
DAG,-0.00037742,-0.29264,3,1500,1
DAG,-0.0021892,-0.31772,4,1500,1
DAG,-0.0017944,-0.29553,5,1500,1
DAG,-0.00035369,-0.33289,6,1500,1
DAG,-0.0018349,-0.36367,7,1500,1
DAG,-0.00063991,-0.3396,8,1500,1
DAG,-0.003809,-0.31526,9,1500,1
DAG,-0.0023178,-0.31655,10,1500,1
DAG,-0.00014361,-0.30899,1,1500,2
DAG,-0.00025939,-0.34243,2,1500,2
DAG,-0.00099221,-0.34479,3,1500,2
DAG,-0.00112,-0.30883,4,1500,2
DAG,-0.00014742,-0.31488,5,1500,2
DAG,-6.6519E-05,-0.34872,6,1500,2
DAG,-0.0017576,-0.33207,7,1500,2
DAG,-0.0007198,-0.32817,8,1500,2
DAG,-0.0013229,-0.32876,9,1500,2
DAG,-0.0011602,-0.32745,10,1500,2
DAG,-0.0025087,-0.31845,1,1500,3
DAG,-0.00080308,-0.31955,2,1500,3
DAG,-0.00043297,-0.34279,3,1500,3
DAG,-0.00016533,-0.32436,4,1500,3
DAG,-1.5816E-05,-0.34048,5,1500,3
DAG,-0.00053772,-0.34853,6,1500,3
DAG,-0.0016351,-0.34039,7,1500,3
DAG,-0.00051839,-0.33931,8,1500,3
DAG,-0.0077593,-0.32043,9,1500,3
DAG,-2.3473E-05,-0.32612,10,1500,3
DAG,-0.00049398,-0.31518,1,1500,4
DAG,-0.0006032,-0.34301,2,1500,4
DAG,-0.001064,-0.3277,3,1500,4
DAG,-0.0006267,-0.34287,4,1500,4
DAG,-5.1456E-05,-0.32437,5,1500,4
DAG,-0.00011,-0.32935,6,1500,4
DAG,-0.00077198,-0.33316,7,1500,4
DAG,-0.0022537,-0.34528,8,1500,4
DAG,-0.003465,-0.31095,9,1500,4
DAG,-9.8138E-05,-0.32185,10,1500,4
DAG,-0.0018411,-0.32414,1,1500,5
DAG,-0.0016189,-0.30549,2,1500,5
DAG,-0.0016391,-0.30436,3,1500,5
DAG,-0.00031971,-0.29364,4,1500,5
DAG,-0.001657,-0.34239,5,1500,5
DAG,-0.00017995,-0.32868,6,1500,5
DAG,-0.00073466,-0.31891,7,1500,5
DAG,-0.00057308,-0.31353,8,1500,5
DAG,-0.00011683,-0.32465,9,1500,5
DAG,-0.001056,-0.33129,10,1500,5
DAG,-0.0016188,-0.3217,1,1500,6
DAG,-0.0018017,-0.38965,2,1500,6
DAG,-0.0024543,-0.31457,3,1500,6
DAG,-0.0014923,-0.36992,4,1500,6
DAG,-0.002868,-0.3457,5,1500,6
DAG,-0.00055106,-0.31614,6,1500,6
DAG,-0.00040392,-0.32738,7,1500,6
DAG,-0.0014413,-0.32512,8,1500,6
DAG,-0.00082336,-0.35894,9,1500,6
DAG,-0.0012428,-0.2957,10,1500,6
DAG,-6.0988E-05,-0.33436,1,1500,7
DAG,-0.0013112,-0.32953,2,1500,7
DAG,-0.00022016,-0.30738,3,1500,7
DAG,-0.00022275,-0.30469,4,1500,7
DAG,-0.00032153,-0.3171,5,1500,7
DAG,-0.00026464,-0.32197,6,1500,7
DAG,-0.00048617,-0.33656,7,1500,7
DAG,-0.0054139,-0.32478,8,1500,7
DAG,-0.00294,-0.35998,9,1500,7
DAG,-0.00025775,-0.33485,10,1500,7
DAG,-0.00013218,-0.30413,1,1500,8
DAG,-0.0002823,-0.31871,2,1500,8
DAG,-0.001218,-0.33572,3,1500,8
DAG,-0.0017119,-0.33012,4,1500,8
DAG,-0.0016114,-0.32192,5,1500,8
DAG,-0.00028072,-0.35521,6,1500,8
DAG,-0.0060166,-0.31121,7,1500,8
DAG,-0.00031945,-0.35779,8,1500,8
DAG,-0.0009312,-0.31546,9,1500,8
DAG,-0.0029978,-0.31615,10,1500,8
DAG,-0.0005589,-0.3391,1,1500,9
DAG,-0.0050416,-0.33651,2,1500,9
DAG,-0.0033597,-0.30248,3,1500,9
DAG,-0.00025295,-0.3306,4,1500,9
DAG,-0.00086478,-0.30333,5,1500,9
DAG,-0.00094846,-0.31695,6,1500,9
DAG,-5.7955E-05,-0.30202,7,1500,9
DAG,-0.0014199,-0.34095,8,1500,9
DAG,-0.00046554,-0.31452,9,1500,9
DAG,-0.00012916,-0.32832,10,1500,9
DAG,-0.00023941,-0.3644,1,1500,10
DAG,-0.0013322,-0.31868,2,1500,10
DAG,-0.0018622,-0.33224,3,1500,10
DAG,-0.00025583,-0.33417,4,1500,10
DAG,-0.0052011,-0.29281,5,1500,10
DAG,-0.0012031,-0.3147,6,1500,10
DAG,-0.00058665,-0.30775,7,1500,10
DAG,-0.00042211,-0.30963,8,1500,10
DAG,-0.00095403,-0.34287,9,1500,10
DAG,-0.00092836,-0.30634,10,1500,10
gnw,-0.0055813,-0.25695,1,500,1
gnw,-0.0028205,-0.29144,2,500,1
gnw,-0.0033128,-0.22608,3,500,1
gnw,-0.0045021,-0.29289,4,500,1
gnw,-0.00012021,-0.19424,5,500,1
gnw,-0.0030814,-0.30697,6,500,1
gnw,-0.0033584,-0.286,7,500,1
gnw,-0.0034912,-0.30527,8,500,1
gnw,-0.0068135,-0.31222,9,500,1
gnw,-0.00059664,-0.21394,10,500,1
gnw,-0.003146,-0.30548,1,500,2
gnw,-0.0087708,-0.19414,2,500,2
gnw,-0.001819,-0.28036,3,500,2
gnw,-0.002437,-0.26564,4,500,2
gnw,-0.0017555,-0.2659,5,500,2
gnw,-0.0023715,-0.32637,6,500,2
gnw,-0.0016476,-0.3456,7,500,2
gnw,-0.005413,-0.31802,8,500,2
gnw,-3.9131E-06,-0.24415,9,500,2
gnw,-0.0030524,-0.41224,10,500,2
gnw,-0.0017098,-0.2267,1,500,3
gnw,-0.0068661,-0.23756,2,500,3
gnw,-0.0016969,-0.20481,3,500,3
gnw,-0.0028032,-0.21988,4,500,3
gnw,-0.0037433,-0.20971,5,500,3
gnw,-0.0035932,-0.29316,6,500,3
gnw,-0.0045128,-0.30252,7,500,3
gnw,-0.0058189,-0.26773,8,500,3
gnw,-0.0035435,-0.30699,9,500,3
gnw,-0.0075563,-0.30777,10,500,3
gnw,-0.0078794,-0.22802,1,500,4
gnw,-0.0009593,-0.42502,2,500,4
gnw,-0.0009593,-0.1793,3,500,4
gnw,-0.0079299,-0.21296,4,500,4
gnw,-0.0075126,-0.22115,5,500,4
gnw,-0.0084498,-0.29049,6,500,4
gnw,-0.0013271,-0.26079,7,500,4
gnw,-0.0049775,-0.26404,8,500,4
gnw,-0.0088415,-0.25388,9,500,4
gnw,-0.0033801,-0.28895,10,500,4
gnw,-0.0016816,-0.18153,1,500,5
gnw,-0.0049685,-0.38719,2,500,5
gnw,-0.0017353,-0.23817,3,500,5
gnw,-0.0056752,-0.18895,4,500,5
gnw,-0.0050919,-0.2314,5,500,5
gnw,-0.0076267,-0.27803,6,500,5
gnw,-0.0067367,-0.28437,7,500,5
gnw,-0.011032,-0.26438,8,500,5
gnw,-0.00059709,-0.26038,9,500,5
gnw,-0.0043772,-0.39333,10,500,5
gnw,-0.00046448,-0.21693,1,500,6
gnw,-0.0022026,-0.2342,2,500,6
gnw,-0.0023908,-0.243,3,500,6
gnw,-0.0041886,-0.22096,4,500,6
gnw,-0.00012719,-0.23148,5,500,6
gnw,-0.0074527,-0.36879,6,500,6
gnw,-0.0066829,-0.27949,7,500,6
gnw,-0.0050916,-0.30993,8,500,6
gnw,-0.0086963,-0.34674,9,500,6
gnw,-0.0016362,-0.19867,10,500,6
gnw,-0.0049501,-0.26154,1,500,7
gnw,-0.0087178,-0.29438,2,500,7
gnw,-0.0044819,-0.21829,3,500,7
gnw,-0.003916,-0.33657,4,500,7
gnw,-0.0030682,-0.24813,5,500,7
gnw,-0.0017648,-0.32262,6,500,7
gnw,-0.0016606,-0.3839,7,500,7
gnw,-0.0044304,-0.27296,8,500,7
gnw,-0.0038033,-0.27278,9,500,7
gnw,-0.0045435,-0.33092,10,500,7
gnw,-0.0086037,-0.22168,1,500,8
gnw,-0.0051141,-0.31163,2,500,8
gnw,-0.0020915,-0.23992,3,500,8
gnw,-0.0022954,-0.27978,4,500,8
gnw,-0.0021845,-0.2024,5,500,8
gnw,-0.0055958,-0.29847,6,500,8
gnw,-0.0039531,-0.29094,7,500,8
gnw,-0.0071794,-0.30487,8,500,8
gnw,-0.0057804,-0.25334,9,500,8
gnw,-0.0060418,-0.31476,10,500,8
gnw,-0.0017156,-0.26562,1,500,9
gnw,-0.0062603,-0.2195,2,500,9
gnw,-0.0021851,-0.15475,3,500,9
gnw,-0.0080096,-0.31444,4,500,9
gnw,-0.0015901,-0.24003,5,500,9
gnw,-0.00011635,-0.30614,6,500,9
gnw,-0.00040803,-0.23641,7,500,9
gnw,-0.0036914,-0.33215,8,500,9
gnw,-0.0034764,-0.34712,9,500,9
gnw,-0.0039594,-0.30077,10,500,9
gnw,-0.0029375,-0.35309,1,500,10
gnw,-0.0049308,-0.21783,2,500,10
gnw,-0.00019977,-0.23543,3,500,10
gnw,-0.0029465,-0.21532,4,500,10
gnw,-0.0048996,-0.23163,5,500,10
gnw,-0.0066845,-0.29649,6,500,10
gnw,-0.0008292,-0.25222,7,500,10
gnw,-0.003392,-0.23907,8,500,10
gnw,-0.0094228,-0.26913,9,500,10
gnw,-0.0062221,-0.25208,10,500,10
gnw,-0.0026778,-0.21807,1,750,1
gnw,-0.0052038,-0.29581,2,750,1
gnw,-0.0021873,-0.2781,3,750,1
gnw,-0.0028202,-0.26595,4,750,1
gnw,-7.8084E-05,-0.29348,5,750,1
gnw,-0.0090822,-0.27175,6,750,1
gnw,-0.0027135,-0.35955,7,750,1
gnw,-0.00076857,-0.24014,8,750,1
gnw,-0.00057061,-0.23703,9,750,1
gnw,-0.0033328,-0.33574,10,750,1
gnw,-0.001826,-0.23288,1,750,2
gnw,-0.0026471,-0.24009,2,750,2
gnw,-0.0059671,-0.25146,3,750,2
gnw,-0.0022498,-0.24272,4,750,2
gnw,-0.006404,-0.39132,5,750,2
gnw,-0.0022105,-0.27013,6,750,2
gnw,-0.0034285,-0.26579,7,750,2
gnw,-0.00017981,-0.32541,8,750,2
gnw,-0.0039514,-0.24625,9,750,2
gnw,-0.0031578,-0.29721,10,750,2
gnw,-0.0036536,-0.25648,1,750,3
gnw,-0.0016856,-0.30526,2,750,3
gnw,-0.0041521,-0.265,3,750,3
gnw,-0.0056742,-0.24532,4,750,3
gnw,-0.00069499,-0.32463,5,750,3
gnw,-0.0049027,-0.28588,6,750,3
gnw,-0.0031825,-0.26023,7,750,3
gnw,-0.004703,-0.24269,8,750,3
gnw,-0.0014114,-0.24633,9,750,3
gnw,-0.00064362,-0.22386,10,750,3
gnw,-0.0041573,-0.24945,1,750,4
gnw,-0.0060708,-0.27506,2,750,4
gnw,-0.0012889,-0.29422,3,750,4
gnw,-0.0059776,-0.27787,4,750,4
gnw,-0.0036033,-0.2996,5,750,4
gnw,-0.0043328,-0.24165,6,750,4
gnw,-0.0043318,-0.28676,7,750,4
gnw,-0.0030061,-0.30473,8,750,4
gnw,-0.0025097,-0.24117,9,750,4
gnw,-0.0019246,-0.24057,10,750,4
gnw,-0.0027683,-0.24549,1,750,5
gnw,-0.0026411,-0.28754,2,750,5
gnw,-0.000126,-0.28517,3,750,5
gnw,-0.0041793,-0.24758,4,750,5
gnw,-0.0023251,-0.24695,5,750,5
gnw,-0.0037952,-0.39068,6,750,5
gnw,-0.0020801,-0.3291,7,750,5
gnw,-0.0020809,-0.26933,8,750,5
gnw,-0.0044567,-0.21636,9,750,5
gnw,-0.0010389,-0.31749,10,750,5
gnw,-9.7756E-05,-0.19601,1,750,6
gnw,-0.002565,-0.27276,2,750,6
gnw,-0.0050405,-0.22929,3,750,6
gnw,-0.0055088,-0.31068,4,750,6
gnw,-0.0066662,-0.2506,5,750,6
gnw,-0.0018685,-0.32119,6,750,6
gnw,-0.0027615,-0.31311,7,750,6
gnw,-0.0014121,-0.32222,8,750,6
gnw,-0.0038976,-0.27191,9,750,6
gnw,-0.003992,-0.23121,10,750,6
gnw,-0.0020197,-0.23811,1,750,7
gnw,-0.0032445,-0.283,2,750,7
gnw,-0.0020939,-0.32233,3,750,7
gnw,-0.0031311,-0.30345,4,750,7
gnw,-0.0017178,-0.33722,5,750,7
gnw,-0.0020339,-0.27999,6,750,7
gnw,-0.0038602,-0.3602,7,750,7
gnw,-0.00024989,-0.3307,8,750,7
gnw,-0.0012137,-0.24245,9,750,7
gnw,-0.003693,-0.19185,10,750,7
gnw,-0.0036933,-0.26611,1,750,8
gnw,-0.0025548,-0.31726,2,750,8
gnw,-0.0014884,-0.2997,3,750,8
gnw,-0.0014836,-0.35907,4,750,8
gnw,-0.0052867,-0.35013,5,750,8
gnw,-0.0039606,-0.29607,6,750,8
gnw,-0.0029785,-0.20099,7,750,8
gnw,-0.0045895,-0.3295,8,750,8
gnw,-0.0007786,-0.22347,9,750,8
gnw,-0.0011879,-0.30217,10,750,8
gnw,-0.0037557,-0.22655,1,750,9
gnw,-0.0052049,-0.2535,2,750,9
gnw,-0.0011736,-0.26222,3,750,9
gnw,-0.003872,-0.36088,4,750,9
gnw,-0.0056826,-0.27464,5,750,9
gnw,-0.001716,-0.31535,6,750,9
gnw,-0.0047685,-0.23265,7,750,9
gnw,-0.00024554,-0.29229,8,750,9
gnw,-0.0036764,-0.25635,9,750,9
gnw,-0.00015343,-0.23781,10,750,9
gnw,-0.0045864,-0.23184,1,750,10
gnw,-0.0024652,-0.36382,2,750,10
gnw,-0.0053733,-0.26705,3,750,10
gnw,-0.0049363,-0.34045,4,750,10
gnw,-0.0033323,-0.36502,5,750,10
gnw,-0.00061795,-0.26848,6,750,10
gnw,-0.0034233,-0.28619,7,750,10
gnw,-0.0049186,-0.23765,8,750,10
gnw,-0.0037462,-0.23505,9,750,10
gnw,-0.0016382,-0.36623,10,750,10
gnw,-0.00082841,-0.27421,1,1000,1
gnw,-0.0050144,-0.25532,2,1000,1
gnw,-0.0030728,-0.26846,3,1000,1
gnw,-0.0026393,-0.41645,4,1000,1
gnw,-0.0016159,-0.3917,5,1000,1
gnw,-0.0058131,-0.3243,6,1000,1
gnw,-0.00032216,-0.30161,7,1000,1
gnw,-0.0018779,-0.26522,8,1000,1
gnw,-0.00068458,-0.31589,9,1000,1
gnw,-0.0015008,-0.301,10,1000,1
gnw,-0.0034376,-0.26646,1,1000,2
gnw,-0.0060273,-0.26142,2,1000,2
gnw,-0.0026189,-0.24078,3,1000,2
gnw,-0.0039295,-0.27377,4,1000,2
gnw,-0.00075681,-0.28469,5,1000,2
gnw,-0.0038238,-0.27418,6,1000,2
gnw,-0.00037907,-0.30387,7,1000,2
gnw,-0.0003554,-0.32325,8,1000,2
gnw,-0.00050489,-0.26062,9,1000,2
gnw,-0.0033988,-0.29732,10,1000,2
gnw,-0.0032646,-0.26208,1,1000,3
gnw,-0.0026892,-0.27379,2,1000,3
gnw,-0.003774,-0.25909,3,1000,3
gnw,-0.0016545,-0.35636,4,1000,3
gnw,-0.00074715,-0.24969,5,1000,3
gnw,-0.00078143,-0.29605,6,1000,3
gnw,-0.0007361,-0.2745,7,1000,3
gnw,-0.00046725,-0.35428,8,1000,3
gnw,-0.00036535,-0.326,9,1000,3
gnw,-0.00046632,-0.30433,10,1000,3
gnw,-0.00019015,-0.26642,1,1000,4
gnw,-0.0030928,-0.25117,2,1000,4
gnw,-0.004965,-0.28974,3,1000,4
gnw,-0.00017341,-0.27445,4,1000,4
gnw,-0.0003737,-0.35095,5,1000,4
gnw,-0.0033923,-0.29528,6,1000,4
gnw,-0.00090637,-0.36409,7,1000,4
gnw,-0.00025581,-0.25545,8,1000,4
gnw,-0.0011378,-0.27024,9,1000,4
gnw,-0.0020622,-0.25214,10,1000,4
gnw,-0.003484,-0.26627,1,1000,5
gnw,-0.0059168,-0.25873,2,1000,5
gnw,-0.0025094,-0.25292,3,1000,5
gnw,-0.0064907,-0.30523,4,1000,5
gnw,-0.0029058,-0.27665,5,1000,5
gnw,-0.00076796,-0.24647,6,1000,5
gnw,-0.0026113,-0.27288,7,1000,5
gnw,-0.0011476,-0.35641,8,1000,5
gnw,-0.0016529,-0.30896,9,1000,5
gnw,-0.00062264,-0.25621,10,1000,5
gnw,-0.0045813,-0.36962,1,1000,6
gnw,-0.0067428,-0.27482,2,1000,6
gnw,-0.004471,-0.2899,3,1000,6
gnw,-0.0034822,-0.30897,4,1000,6
gnw,-0.0016089,-0.35333,5,1000,6
gnw,-0.0018449,-0.36918,6,1000,6
gnw,-0.002171,-0.29399,7,1000,6
gnw,-0.0030471,-0.26908,8,1000,6
gnw,-0.00099083,-0.23816,9,1000,6
gnw,-0.00015328,-0.31745,10,1000,6
gnw,-0.0039051,-0.31476,1,1000,7
gnw,-0.00018153,-0.29477,2,1000,7
gnw,-0.0045843,-0.30625,3,1000,7
gnw,-0.002102,-0.27982,4,1000,7
gnw,-5.5562E-05,-0.25463,5,1000,7
gnw,-0.0025928,-0.22381,6,1000,7
gnw,-0.00018005,-0.29187,7,1000,7
gnw,-0.0011476,-0.30608,8,1000,7
gnw,-0.0024562,-0.27752,9,1000,7
gnw,-0.0032588,-0.23323,10,1000,7
gnw,-0.0039971,-0.30006,1,1000,8
gnw,-0.0014937,-0.42053,2,1000,8
gnw,-0.00019208,-0.24515,3,1000,8
gnw,-0.0039509,-0.23664,4,1000,8
gnw,-0.0026496,-0.44352,5,1000,8
gnw,-0.0014133,-0.35181,6,1000,8
gnw,-0.000747,-0.23669,7,1000,8
gnw,-0.002594,-0.25174,8,1000,8
gnw,-0.0011384,-0.28417,9,1000,8
gnw,-0.0053132,-0.33195,10,1000,8
gnw,-0.0021536,-0.38418,1,1000,9
gnw,-0.0017338,-0.25471,2,1000,9
gnw,-0.0017487,-0.26352,3,1000,9
gnw,-0.0010506,-0.24346,4,1000,9
gnw,-0.001629,-0.2548,5,1000,9
gnw,-0.0023479,-0.31527,6,1000,9
gnw,-0.0022211,-0.39474,7,1000,9
gnw,-0.0003477,-0.24048,8,1000,9
gnw,-0.0021873,-0.29426,9,1000,9
gnw,-0.0035343,-0.25359,10,1000,9
gnw,-0.0022234,-0.25747,1,1000,10
gnw,-0.0022798,-0.37048,2,1000,10
gnw,-0.0011393,-0.2947,3,1000,10
gnw,-0.0029086,-0.30294,4,1000,10
gnw,-0.00092959,-0.34144,5,1000,10
gnw,-0.0014437,-0.26853,6,1000,10
gnw,-0.0010258,-0.30732,7,1000,10
gnw,-0.0030243,-0.29012,8,1000,10
gnw,-0.00096975,-0.26484,9,1000,10
gnw,-0.0039429,-0.24989,10,1000,10
gnw,-0.0025018,-0.29401,1,1500,1
gnw,-0.0019448,-0.30914,2,1500,1
gnw,-0.0023419,-0.36693,3,1500,1
gnw,-0.001065,-0.28185,4,1500,1
gnw,-0.001587,-0.39547,5,1500,1
gnw,-0.0031145,-0.29576,6,1500,1
gnw,-0.0032155,-0.41518,7,1500,1
gnw,-0.00049115,-0.28445,8,1500,1
gnw,-0.0019795,-0.34834,9,1500,1
gnw,-0.00043445,-0.24637,10,1500,1
gnw,-0.0013862,-0.2799,1,1500,2
gnw,-0.0020892,-0.34465,2,1500,2
gnw,-0.0025836,-0.30865,3,1500,2
gnw,-0.0025207,-0.28089,4,1500,2
gnw,-1.6639E-06,-0.31114,5,1500,2
gnw,-0.0010919,-0.25059,6,1500,2
gnw,-0.00031497,-0.28564,7,1500,2
gnw,-0.0023164,-0.30871,8,1500,2
gnw,-0.00053531,-0.31258,9,1500,2
gnw,-0.00028107,-0.26006,10,1500,2
gnw,-0.0011888,-0.24072,1,1500,3
gnw,-0.0028389,-0.31772,2,1500,3
gnw,-0.0028763,-0.29559,3,1500,3
gnw,-0.00019079,-0.30763,4,1500,3
gnw,-0.0016449,-0.3146,5,1500,3
gnw,-0.0022878,-0.33863,6,1500,3
gnw,-0.0026755,-0.26052,7,1500,3
gnw,-0.0021722,-0.26598,8,1500,3
gnw,-0.0015557,-0.25389,9,1500,3
gnw,-0.00024752,-0.2878,10,1500,3
gnw,-0.0022627,-0.3096,1,1500,4
gnw,-0.0026108,-0.2411,2,1500,4
gnw,-0.0019971,-0.25892,3,1500,4
gnw,-0.00066192,-0.31988,4,1500,4
gnw,-0.00098359,-0.24493,5,1500,4
gnw,-0.0033602,-0.33248,6,1500,4
gnw,-0.0015916,-0.28157,7,1500,4
gnw,-0.0019508,-0.24834,8,1500,4
gnw,-5.1748E-05,-0.30308,9,1500,4
gnw,-0.00098147,-0.29959,10,1500,4
gnw,-1.1082E-05,-0.32076,1,1500,5
gnw,-0.0010823,-0.25517,2,1500,5
gnw,-0.0012166,-0.32236,3,1500,5
gnw,-0.00084234,-0.44991,4,1500,5
gnw,-0.0035611,-0.26663,5,1500,5
gnw,-8.0213E-05,-0.43167,6,1500,5
gnw,-0.00079751,-0.28537,7,1500,5
gnw,-0.0022108,-0.32107,8,1500,5
gnw,-0.0011812,-0.3642,9,1500,5
gnw,-0.0013325,-0.54172,10,1500,5
gnw,-0.00085543,-0.25594,1,1500,6
gnw,-0.0007801,-0.25614,2,1500,6
gnw,-0.0011623,-0.31712,3,1500,6
gnw,-0.0019927,-0.3326,4,1500,6
gnw,-0.0012495,-0.25753,5,1500,6
gnw,-0.00099374,-0.2795,6,1500,6
gnw,-0.0034363,-0.28107,7,1500,6
gnw,-0.0012182,-0.25853,8,1500,6
gnw,-0.0038627,-0.29978,9,1500,6
gnw,-0.0013984,-0.34013,10,1500,6
gnw,-0.0022661,-0.25755,1,1500,7
gnw,-0.00011796,-0.37916,2,1500,7
gnw,-0.0015643,-0.32212,3,1500,7
gnw,-0.0028665,-0.26799,4,1500,7
gnw,-0.00072478,-0.30279,5,1500,7
gnw,-0.00015901,-0.33139,6,1500,7
gnw,-0.00030972,-0.26387,7,1500,7
gnw,-0.0034253,-0.30307,8,1500,7
gnw,-0.00019219,-0.26857,9,1500,7
gnw,-0.0021643,-0.30906,10,1500,7
gnw,-0.0025424,-0.30074,1,1500,8
gnw,-0.00031236,-0.31299,2,1500,8
gnw,-0.0008922,-0.28001,3,1500,8
gnw,-0.0023714,-0.26042,4,1500,8
gnw,-0.00021269,-0.28806,5,1500,8
gnw,-0.002132,-0.26287,6,1500,8
gnw,-0.0001496,-0.36793,7,1500,8
gnw,-0.0021436,-0.32087,8,1500,8
gnw,-0.00033992,-0.31856,9,1500,8
gnw,-0.00031016,-0.26997,10,1500,8
gnw,-0.001066,-0.31191,1,1500,9
gnw,-0.00043544,-0.28387,2,1500,9
gnw,-0.0017275,-0.37699,3,1500,9
gnw,-0.0026343,-0.29916,4,1500,9
gnw,-0.0025523,-0.25134,5,1500,9
gnw,-0.0031567,-0.27725,6,1500,9
gnw,-0.0017092,-0.25149,7,1500,9
gnw,-0.00097546,-0.2594,8,1500,9
gnw,-0.00050461,-0.31615,9,1500,9
gnw,-0.00041458,-0.3244,10,1500,9
gnw,-0.0028333,-0.31925,1,1500,10
gnw,-0.00075523,-0.25915,2,1500,10
gnw,-0.00071387,-0.3058,3,1500,10
gnw,-0.0020518,-0.26813,4,1500,10
gnw,-0.0031525,-0.25881,5,1500,10
gnw,-0.0018364,-0.28511,6,1500,10
gnw,-0.0012781,-0.26161,7,1500,10
gnw,-0.0012022,-0.29888,8,1500,10
gnw,-0.00072757,-0.24437,9,1500,10
gnw,-0.0028964,-0.2479,10,1500,10
