7	0
35	0
55	0
71	0
164	0
193	0
224	0
273	0
314	0
351	0
1141	0
1192	0
1323	0
1434	0
0	1
2	1
300	1
0	2
5	2
7	2
10	2
31	2
33	2
35	2
51	2
55	2
57	2
59	2
71	2
76	2
83	2
102	2
106	2
110	2
126	2
137	2
177	2
183	2
187	2
188	2
189	2
220	2
227	2
232	2
246	2
265	2
273	2
296	2
304	2
305	2
310	2
314	2
366	2
368	2
374	2
376	2
387	2
474	2
580	2
713	2
871	2
873	2
1231	2
1242	2
1246	2
1454	2
1499	2
0	3
4	3
43	3
59	3
212	3
553	3
633	3
923	3
1156	3
0	4
0	5
7	5
22	5
25	5
33	5
35	5
55	5
59	5
63	5
69	5
75	5
91	5
110	5
112	5
123	5
128	5
162	5
168	5
170	5
182	5
183	5
200	5
221	5
224	5
250	5
263	5
265	5
267	5
271	5
295	5
306	5
308	5
313	5
315	5
358	5
841	5
1072	5
1114	5
1216	5
1224	5
1470	5
0	6
5	6
30	6
266	6
298	6
636	6
1008	6
1009	6
1434	6
1449	6
10	7
33	7
35	7
57	7
68	7
69	7
72	7
91	7
102	7
128	7
162	7
197	7
200	7
232	7
295	7
315	7
1395	7
5	8
7	8
124	8
838	8
1093	8
5	9
10	9
548	9
0	10
5	10
35	10
49	10
53	10
166	10
246	10
277	10
660	10
690	10
1070	10
1215	10
5	11
7	11
1046	11
2	12
7	12
215	12
328	12
5	13
7	13
803	13
2	14
5	14
7	14
313	14
637	14
751	14
0	15
2	15
5	15
7	15
284	15
310	15
383	15
464	15
702	15
945	15
1432	15
0	16
2	16
5	16
7	16
10	16
38	16
57	16
78	16
348	16
413	16
459	16
490	16
496	16
509	16
516	16
607	16
730	16
861	16
1071	16
1126	16
1217	16
1234	16
1356	16
0	17
2	17
5	17
7	17
35	17
215	17
306	17
1081	17
5	18
7	18
314	18
1223	18
5	19
10	19
5	20
7	20
619	20
5	21
22	21
848	21
886	21
1070	21
5	23
7	23
11	23
72	23
271	23
400	23
423	23
533	23
0	24
5	24
7	24
1159	24
5	25
24	25
2	26
7	26
33	26
595	26
834	26
1207	26
2	27
7	27
251	27
964	27
1007	27
1113	27
0	28
2	28
35	28
467	28
511	28
1302	28
0	29
2	29
7	29
85	29
751	29
754	29
1120	29
0	30
4	30
232	30
293	30
647	30
670	30
770	30
830	30
955	30
1185	30
1286	30
2	31
7	31
0	32
4	32
747	32
753	32
782	32
1015	32
1237	32
1249	32
1376	32
0	33
2	34
7	34
308	34
1070	34
1127	34
33	35
52	35
177	35
2	36
7	36
97	36
284	36
359	36
379	36
882	36
912	36
0	37
2	37
4	37
7	37
187	37
591	37
1276	37
1300	37
1448	37
0	38
2	38
300	38
2	39
35	39
1080	39
1450	39
1493	39
5	40
7	40
809	40
0	41
5	41
0	42
5	42
289	42
728	42
772	42
1116	42
5	43
7	43
366	43
983	43
2	44
7	44
33	44
103	44
1075	44
1	45
2	45
5	45
28	45
251	45
275	45
358	45
403	45
1262	45
1393	45
1405	45
0	46
2	46
2	47
7	47
0	48
2	48
36	48
133	48
226	48
469	48
484	48
679	48
950	48
980	48
1077	48
1137	48
1260	48
1321	48
1396	48
5	49
10	49
45	49
415	49
581	49
0	50
2	50
33	50
71	50
219	50
719	50
983	50
1146	50
0	51
2	51
59	51
367	51
0	52
10	52
33	52
1016	52
5	53
2	54
35	54
80	54
7	55
68	55
263	55
271	55
278	55
0	56
4	56
242	56
432	56
592	56
602	56
1153	56
0	58
5	58
10	58
59	58
185	58
388	58
1242	58
1263	58
1404	58
0	59
7	59
76	59
351	59
358	59
367	59
369	59
1055	59
5	60
10	60
0	61
2	61
7	61
33	61
35	61
337	61
522	61
1025	61
1417	61
0	62
2	62
5	62
48	62
55	62
59	62
193	62
501	62
1016	62
1141	62
1238	62
7	63
0	64
5	64
10	64
538	64
1105	64
2	65
7	65
287	65
615	65
772	65
802	65
1016	65
1092	65
2	66
33	66
118	66
145	66
187	66
262	66
395	66
516	66
680	66
1349	66
1428	66
1479	66
5	67
7	67
1043	67
5	70
7	70
7	71
2	73
7	73
123	73
145	73
326	73
0	74
5	74
2	75
5	75
7	75
323	75
1077	75
5	77
7	77
541	77
945	77
1145	77
1166	77
2	78
35	78
116	78
616	78
965	78
1180	78
1440	78
0	79
2	79
2	80
7	80
1251	80
5	81
7	81
24	81
373	81
445	81
5	82
22	82
1148	82
5	83
7	83
35	83
642	83
1355	83
5	84
7	84
22	84
0	85
5	85
133	85
167	85
204	85
1272	85
1408	85
5	86
7	86
93	86
1141	86
2	87
7	87
180	87
193	87
861	87
1290	87
1378	87
5	88
7	88
0	89
2	89
5	89
30	89
102	89
142	89
843	89
865	89
1113	89
1309	89
1413	89
0	90
2	90
546	90
1128	90
2	92
5	92
909	92
0	93
2	93
881	93
5	94
7	94
69	94
267	94
1114	94
1376	94
5	95
7	95
405	95
452	95
775	95
957	95
996	95
1307	95
0	96
2	96
10	96
1309	96
1345	96
0	97
1	97
5	97
137	97
587	97
972	97
1177	97
1312	97
1424	97
0	98
2	98
7	98
69	98
136	98
1029	98
1271	98
1424	98
5	99
10	99
920	99
1405	99
0	100
2	100
790	100
5	101
7	101
194	101
674	101
0	103
2	103
22	103
105	103
1206	103
1289	103
1402	103
0	104
2	104
59	104
387	104
0	105
0	106
806	106
0	107
2	107
51	108
59	108
75	108
511	108
690	108
954	108
1450	108
0	109
2	109
1282	109
5	111
7	111
35	111
236	111
237	111
363	111
843	111
861	111
1304	111
1412	111
2	112
5	112
7	112
650	112
827	112
868	112
876	112
1441	112
0	113
2	113
610	113
656	113
1024	113
1046	113
1080	113
2	114
7	114
203	114
224	114
430	114
1490	114
2	115
33	115
415	115
497	115
957	115
1112	115
0	116
2	116
534	116
674	116
725	116
1149	116
1354	116
1414	116
0	117
10	117
1335	117
0	118
5	118
1161	118
0	119
1	119
2	119
59	119
125	119
128	119
432	119
1114	119
1121	119
1335	119
2	120
5	120
7	120
10	120
140	120
818	120
1145	120
1226	120
5	121
7	121
39	121
1107	121
1138	121
1231	121
2	122
35	122
170	122
7	123
7	124
2	125
5	125
2	126
7	126
33	126
390	126
538	126
1093	126
5	127
7	127
1355	127
7	128
247	128
0	129
5	129
0	130
2	130
5	130
7	130
91	130
238	130
962	130
1186	130
1323	130
1339	130
1414	130
2	131
5	131
0	132
2	132
5	132
250	132
541	132
830	132
1317	132
5	133
24	133
0	134
2	134
0	135
2	135
172	135
651	135
842	135
909	135
1113	135
1292	135
5	136
7	136
412	136
1478	136
0	137
0	138
2	138
291	138
967	138
1185	138
5	139
7	139
0	140
2	140
5	141
7	141
505	141
0	142
7	142
496	142
768	142
850	142
0	143
5	143
218	143
569	143
1078	143
1338	143
5	144
7	144
78	144
445	144
482	144
677	144
774	144
824	144
962	144
1011	144
1324	144
0	145
2	145
5	145
335	145
493	145
768	145
937	145
0	146
4	146
0	147
2	147
5	148
7	148
13	148
2	149
33	149
5	150
7	150
318	150
874	150
1346	150
2	151
137	151
192	151
252	151
388	151
698	151
1170	151
0	152
2	152
59	152
148	152
208	152
277	152
884	152
951	152
1134	152
1381	152
0	153
10	153
54	153
234	153
279	153
461	153
701	153
881	153
961	153
1329	153
1422	153
2	154
7	154
125	154
148	154
577	154
1076	154
1207	154
0	155
2	155
5	155
7	155
114	155
590	155
1166	155
5	156
7	156
0	157
33	157
52	157
510	157
33	158
35	158
611	158
1310	158
1485	158
0	159
5	159
323	159
506	159
591	159
817	159
0	160
33	160
445	160
5	161
7	161
123	161
126	161
505	161
531	161
534	161
549	161
786	161
33	163
35	163
7	164
7	165
69	165
351	165
436	165
583	165
1172	165
1403	165
5	166
1161	166
2	167
7	167
187	167
5	168
7	168
254	168
0	169
5	169
7	170
51	171
59	171
1008	171
1101	171
5	172
7	172
48	172
0	173
5	173
2	174
7	174
10	174
1104	174
0	175
2	175
178	175
1039	175
1355	175
0	176
33	176
438	176
5	178
7	178
484	178
2	179
7	179
339	179
2	180
35	180
375	180
839	180
1118	180
1260	180
0	181
2	181
980	181
7	182
0	183
2	184
5	184
7	184
40	184
59	184
694	184
1313	184
0	185
5	185
258	185
0	186
10	186
1483	186
0	187
10	187
178	187
249	187
829	187
1062	187
1299	187
0	188
106	188
2	189
5	189
2	190
35	190
627	190
1278	190
1439	190
0	191
2	191
234	191
249	191
727	191
1180	191
1302	191
1345	191
0	192
2	192
33	192
156	192
227	192
1210	192
1352	192
2	194
7	194
55	194
549	194
819	194
1121	194
0	195
2	195
67	195
318	195
472	195
535	195
711	195
1259	195
1377	195
1391	195
1399	195
0	196
5	196
401	196
806	196
35	197
0	198
33	198
876	198
1085	198
1301	198
2	199
7	199
0	201
2	201
133	201
505	201
813	201
975	201
1057	201
1395	201
5	202
123	202
1051	202
1088	202
1318	202
5	203
7	203
285	203
925	203
0	204
2	204
174	204
463	204
699	204
0	205
2	205
56	205
462	205
813	205
2	206
7	206
98	206
0	207
59	207
520	207
694	207
0	208
5	208
660	208
0	209
10	209
193	209
1086	209
1184	209
1283	209
5	210
7	210
45	210
81	210
182	210
512	210
620	210
921	210
1087	210
1091	210
7	211
69	211
1128	211
0	212
33	212
187	212
1469	212
2	213
5	213
713	213
1494	213
0	214
2	214
1051	214
1444	214
0	215
2	215
460	215
2	216
7	216
633	216
2	217
7	217
1136	217
2	218
57	218
1378	218
7	219
55	219
664	219
960	219
1059	219
1491	219
0	220
5	221
59	221
7	222
35	222
459	222
569	222
7	223
10	223
7	225
69	225
933	225
1168	225
1471	225
0	226
2	226
336	226
780	226
843	226
957	226
0	228
2	228
0	229
7	229
0	230
2	230
389	230
616	230
740	230
875	230
1087	230
2	231
7	231
0	233
2	233
767	233
902	233
0	234
7	234
24	234
616	234
1064	234
1084	234
1368	234
0	235
52	235
887	235
2	236
5	236
475	236
592	236
5	237
10	237
2	238
35	238
892	238
0	239
2	239
0	240
5	240
7	241
57	241
5	242
7	242
398	242
1087	242
2	243
7	243
1287	243
1414	243
0	244
5	244
805	244
847	244
7	245
55	245
121	245
699	245
0	247
2	247
1085	247
1310	247
2	248
35	248
0	249
5	249
48	249
260	249
464	249
1291	249
5	251
7	251
7	252
33	252
1304	252
0	253
2	253
464	253
2	254
7	254
37	254
143	254
1355	254
2	255
7	255
1487	255
0	256
2	256
1371	256
0	257
59	257
234	257
1146	257
1162	257
1415	257
1432	257
0	258
33	258
837	258
0	259
2	259
531	259
1017	259
1197	259
0	260
2	260
2	261
5	261
72	261
723	261
757	261
933	261
1220	261
1490	261
10	262
187	262
7	263
2	264
7	264
281	264
360	264
479	264
804	264
828	264
1144	264
7	266
69	266
0	268
2	268
538	268
980	268
2	269
7	269
1329	269
5	270
7	270
0	272
2	272
835	272
977	272
1031	272
1210	272
1250	272
0	273
315	273
2	274
7	274
726	274
802	274
1316	274
5	275
55	275
158	275
192	275
232	275
321	275
517	275
1114	275
1216	275
1405	275
0	276
2	276
0	277
7	278
1327	278
0	279
2	279
408	279
754	279
1165	279
4	280
5	280
7	280
785	280
794	280
1172	280
0	281
5	281
5	282
7	282
1226	282
1327	282
2	283
137	283
402	283
589	283
744	283
940	283
1082	283
1267	283
0	284
5	284
985	284
2	285
33	285
834	285
0	286
2	286
5	287
7	287
2	288
7	288
1313	288
0	289
2	289
0	290
2	290
2	291
7	291
407	291
1162	291
1192	291
5	292
7	292
285	292
585	292
610	292
725	292
1021	292
1137	292
1177	292
1385	292
1470	292
2	293
35	293
1081	293
2	294
7	294
557	294
1098	294
0	296
5	296
298	296
331	296
2	297
59	297
0	298
59	298
169	298
370	298
691	298
0	299
2	299
195	299
914	299
0	300
2	300
5	301
55	301
466	301
679	301
688	301
0	302
2	302
62	302
692	302
900	302
0	303
7	303
616	303
0	304
401	304
866	304
1344	304
2	305
10	305
0	307
2	307
10	307
14	307
25	307
450	307
806	307
1108	307
33	308
1302	308
0	309
2	309
904	309
926	309
1262	309
0	311
2	311
71	311
796	311
960	311
1015	311
1126	311
1208	311
0	312
10	312
0	316
2	316
281	316
5	317
55	317
1278	317
1350	317
0	318
2	318
125	318
405	318
441	318
655	318
659	318
826	318
0	319
187	319
256	319
619	319
2	320
5	320
924	320
2	321
7	321
0	322
2	322
323	322
388	322
1224	322
7	323
123	323
451	323
723	323
1478	323
0	324
5	324
674	324
1021	324
1194	324
0	325
106	325
1222	325
0	326
2	326
5	327
7	327
184	327
1206	327
0	328
5	328
237	328
320	328
1048	328
0	329
2	329
987	329
0	330
33	330
74	330
0	331
59	331
91	331
671	331
0	332
2	332
50	332
300	332
345	332
919	332
1201	332
5	333
7	333
7	334
35	334
287	334
776	334
1055	334
0	335
2	335
610	335
0	336
5	336
298	336
751	336
1374	336
10	337
29	337
187	337
0	338
59	338
1182	338
0	339
10	339
1085	339
1395	339
0	340
5	340
148	340
748	340
962	340
1400	340
5	341
35	341
73	341
221	341
761	341
1006	341
1196	341
1339	341
0	342
2	342
1477	342
5	343
7	343
148	343
0	344
5	344
1069	344
0	345
2	345
235	345
1391	345
0	346
2	346
359	346
994	346
1368	346
7	347
126	347
1082	347
0	348
5	348
853	348
984	348
1235	348
0	349
5	349
558	349
1277	349
0	350
2	350
294	350
1141	350
5	352
7	352
0	353
2	353
7	354
123	354
169	354
813	354
5	355
7	355
1098	355
0	356
2	356
1472	356
0	357
2	357
1029	357
1167	357
2	359
0	360
4	360
544	360
1478	360
5	361
7	361
59	361
390	361
407	361
426	361
602	361
0	362
2	362
967	362
0	363
2	363
582	363
0	364
2	364
0	365
2	365
360	365
444	365
819	365
843	365
1256	365
0	366
0	368
59	368
1393	368
0	369
183	369
398	369
593	369
0	370
10	370
128	370
737	370
809	370
831	370
1234	370
5	371
7	371
5	372
7	372
650	372
0	373
2	373
1294	373
1345	373
7	374
0	375
2	375
538	375
0	376
1331	376
5	377
7	377
986	377
1079	377
0	378
2	378
410	378
611	378
683	378
698	378
895	378
942	378
982	378
1138	378
0	379
5	379
40	379
1344	379
1411	379
0	380
2	380
717	380
2	381
7	381
0	382
47	382
59	382
190	382
0	383
2	383
247	383
313	383
599	383
5	384
7	384
361	384
0	385
2	385
638	385
1231	385
0	386
2	386
2	388
5	388
16	389
16	390
13	391
2	392
52	392
1229	392
2	393
335	393
2	394
653	394
19	395
16	396
1449	396
2	397
1389	397
27	398
1170	398
16	399
16	400
1145	400
16	401
426	401
9	402
16	403
16	404
11	405
1083	405
16	406
857	406
2	407
59	407
93	407
195	407
1032	407
7	408
15	408
8	409
16	410
16	411
1355	411
16	412
181	412
268	412
640	412
16	413
21	414
355	414
957	414
1159	414
16	415
16	416
16	417
339	417
2	418
89	418
16	419
16	420
16	421
1202	421
16	422
137	422
16	423
16	424
352	424
421	424
16	425
16	426
9	427
392	427
466	427
543	427
717	427
1036	427
1319	427
1378	427
18	428
110	428
679	428
2	429
2	430
30	431
707	431
1001	431
16	432
107	432
250	432
2	433
23	434
14	435
743	435
1422	435
16	436
16	437
595	437
16	438
16	439
160	439
174	439
1029	439
2	440
2	441
16	442
35	442
357	442
430	442
737	442
817	442
942	442
1060	442
1481	442
16	443
16	444
1318	444
1	445
14	446
16	447
1047	447
21	448
2	449
11	450
962	450
20	451
1195	451
26	452
30	453
384	453
1040	453
1217	453
1261	453
2	454
910	454
950	454
13	455
787	455
21	456
16	457
16	458
372	458
16	459
170	459
195	459
1459	459
18	460
16	461
16	462
689	462
795	462
884	462
2	463
115	463
1013	463
2	464
32	464
456	464
551	464
799	464
824	464
863	464
1415	464
21	465
1177	465
16	466
1223	466
27	467
643	467
1230	467
16	468
1278	468
2	469
835	469
26	470
2	471
171	471
377	471
417	471
474	471
987	471
2	472
2	473
138	473
164	473
680	473
2	474
16	475
905	475
8	476
2	477
252	477
478	477
843	477
2	478
151	478
1161	478
16	479
2	480
2	481
1243	481
2	482
2	483
2	484
205	484
937	484
2	485
5	486
157	486
1031	486
2	487
32	487
278	487
811	487
2	488
1305	488
16	489
2	490
2	491
2	492
2	493
394	493
2	494
2	495
2	496
685	496
2	497
1454	497
2	498
17	499
3	500
2	501
141	501
1300	501
2	502
568	502
966	502
980	502
2	503
837	503
2	504
755	504
17	505
17	506
7	507
122	507
17	508
866	508
2	509
2	510
1362	510
1389	510
2	511
19	511
831	511
877	511
894	511
1266	511
1406	511
16	512
16	513
786	513
1212	513
1375	513
1449	513
2	514
972	514
2	515
229	515
2	516
715	516
1047	516
2	517
164	517
641	517
802	517
2	518
84	518
833	518
1183	518
2	519
2	520
16	521
2	522
47	522
265	522
2	523
2	524
143	524
2	525
432	525
2	526
376	526
752	526
1002	526
1074	526
2	527
1235	527
2	528
522	528
1231	528
2	529
770	529
1109	529
16	530
2	531
308	531
2	532
2	533
2	534
169	534
264	534
740	534
747	534
760	534
814	534
1064	534
1205	534
1248	534
2	535
2	536
5	537
5	538
603	538
735	538
2	539
654	539
1183	539
2	540
2	541
1347	541
2	542
882	542
2	543
199	543
560	543
2	544
176	544
2	545
2	546
1208	546
2	547
2	548
275	548
339	548
543	548
2	549
1000	549
2	550
319	550
685	550
2	551
704	551
1142	551
2	552
1329	552
1469	552
2	553
2	554
119	554
2	555
631	555
1237	555
2	556
506	556
536	556
707	556
1455	556
2	557
18	557
219	557
342	557
615	557
637	557
816	557
1373	557
2	558
968	558
2	559
2	560
2	561
715	561
911	561
1188	561
17	562
2	563
770	563
2	564
2	565
2	566
2	567
1488	567
7	568
1431	568
2	569
5	570
2	571
555	571
1186	571
2	572
424	572
455	572
548	572
694	572
896	572
1287	572
2	573
5	574
56	574
514	574
832	574
5	575
249	575
408	575
1030	575
5	576
952	576
2	577
958	577
2	578
280	578
2	579
120	579
205	579
521	579
940	579
2	580
71	580
1498	580
2	581
592	581
630	581
2	582
72	582
805	582
2	583
2	584
165	584
561	584
674	584
1456	584
2	585
2	586
999	586
2	587
698	587
2	588
890	588
1150	588
2	589
2	590
2	591
105	591
229	591
335	591
383	591
2	592
548	592
2	593
79	593
2	594
296	594
2	595
166	595
468	595
580	595
2	596
2	597
675	597
2	598
2	599
931	599
1075	599
2	600
73	600
1105	600
2	601
447	601
1134	601
7	602
2	603
2	604
2	605
1398	605
2	606
645	606
1188	606
2	607
837	607
5	608
382	608
2	609
689	609
2	610
2	611
154	611
1070	611
2	612
2	613
2	614
37	614
361	614
2	615
2	616
2	617
734	617
749	617
2	618
2	619
5	620
324	620
2	621
2	622
35	622
844	622
1223	622
2	623
2	624
2	625
2	626
48	626
183	626
217	626
850	626
2	627
2	628
2	629
2	630
1065	630
2	631
273	631
5	632
572	632
5	633
1419	633
5	634
2	635
5	636
604	636
1371	636
5	637
1218	637
1399	637
2	638
2	639
2	640
74	640
5	641
747	641
5	642
5	643
7	644
7	645
68	645
206	645
801	645
1402	645
2	646
5	647
1277	647
2	648
826	648
2	649
703	649
816	649
2	650
2	651
2	652
578	652
1144	652
2	653
39	653
2	654
5	655
2	656
83	656
222	656
618	656
879	656
1155	656
1189	656
2	657
842	657
2	658
7	659
709	659
1211	659
5	660
1011	660
5	661
316	661
320	661
5	662
2	663
2	664
5	665
669	665
5	666
649	666
1320	666
1431	666
2	667
16	667
640	667
840	667
2	668
1015	668
16	669
5	670
5	671
5	672
5	673
403	673
2	674
7	675
311	675
951	675
7	676
128	676
414	676
2	677
5	678
652	678
1228	678
2	679
2	680
2	681
1330	681
2	682
1226	682
1370	682
1411	682
2	683
2	684
2	685
2	686
1092	686
2	687
1119	687
2	688
308	688
662	688
1287	688
1387	688
2	689
769	689
5	690
277	690
1434	690
5	691
1414	691
5	692
695	692
1315	692
5	693
5	694
486	694
705	694
2	695
366	695
936	695
1311	695
2	696
874	696
2	697
475	697
527	697
1203	697
2	698
5	699
144	699
2	700
1345	700
2	701
705	701
1115	701
1267	701
2	702
2	703
339	703
366	703
764	703
1391	703
1440	703
2	704
202	704
2	705
1388	705
5	706
411	706
614	706
813	706
5	707
5	708
955	708
1437	708
1479	708
5	709
771	709
925	709
5	710
52	710
2	711
170	711
432	711
869	711
1169	711
5	712
906	712
5	713
5	714
5	715
5	716
301	716
859	716
1226	716
2	717
1023	717
2	718
655	718
934	718
5	719
5	720
5	721
577	721
5	722
5	723
5	724
241	724
1324	724
5	725
547	725
1467	725
5	726
224	726
782	726
1158	726
1326	726
2	727
1020	727
2	728
502	728
878	728
2	729
2	730
206	730
5	731
923	731
1411	731
5	732
1442	732
5	733
417	733
2	734
2	735
2	736
2	737
246	737
1414	737
2	738
2	739
1102	739
2	740
5	741
2	742
435	742
1414	742
2	743
1001	743
2	744
5	745
5	746
5	747
96	747
443	747
5	748
1334	748
2	749
2	750
270	750
1193	750
1327	750
2	751
117	751
2	752
495	752
616	752
1082	752
2	753
5	754
816	754
2	755
2	756
2	757
397	757
2	758
163	758
470	758
909	758
1375	758
5	759
2	760
365	760
693	760
956	760
1021	760
1047	760
1166	760
1391	760
1408	760
5	761
5	762
2	763
2	764
2	765
184	765
323	765
958	765
2	766
409	766
5	767
435	767
945	767
989	767
990	767
2	768
214	768
318	768
912	768
2	769
39	769
5	770
2	771
2	772
2	773
778	773
862	773
1220	773
2	774
2	775
421	775
938	775
5	776
5	777
2	778
677	778
1089	778
1174	778
5	779
597	779
989	779
15	780
512	780
1121	780
7	781
2	782
1341	782
2	783
583	783
5	784
5	785
31	785
5	786
333	786
1013	786
5	787
7	788
1194	788
2	789
2	790
1270	790
2	791
888	791
2	792
2	793
5	794
5	795
2	796
2	797
2	798
547	798
626	798
841	798
883	798
950	798
2	799
60	799
5	800
5	801
5	802
5	803
2	804
377	804
455	804
5	805
898	805
5	806
5	807
1083	807
2	808
337	808
1275	808
2	809
5	810
91	810
1121	810
2	811
2	812
5	813
78	813
589	813
1231	813
2	814
381	814
406	814
972	814
1373	814
2	815
187	815
210	815
232	815
477	815
1258	815
2	816
5	817
1002	817
5	818
323	818
381	818
2	819
2	820
721	820
749	820
2	821
2	822
5	823
28	823
1054	823
2	824
2	825
570	825
867	825
2	826
2	827
1033	827
5	828
5	829
5	830
133	830
939	830
5	831
1038	831
1348	831
5	832
139	832
5	833
177	833
5	834
969	834
1298	834
5	835
967	835
5	836
752	836
978	836
5	837
5	838
2	839
483	839
1320	839
1324	839
5	840
356	840
911	840
1007	840
5	841
5	842
2	843
23	843
2	844
1014	844
5	845
390	845
440	845
568	845
1365	845
1479	845
5	846
2	847
2	848
5	849
7	850
596	850
1352	850
2	851
5	852
5	853
5	854
5	855
266	855
1063	855
5	856
161	856
5	857
1489	857
2	858
456	858
5	859
333	859
1230	859
5	860
724	860
1064	860
1305	860
5	861
2	862
2	863
941	863
1258	863
2	864
377	864
519	864
759	864
2	865
5	866
95	866
100	866
932	866
1104	866
1167	866
5	867
83	867
2	868
1099	868
2	869
223	869
765	869
903	869
1405	869
5	870
2	871
2	872
5	873
5	874
5	875
2	876
5	877
169	877
5	878
5	879
5	880
34	880
659	880
1049	880
1453	880
5	881
41	881
153	881
482	881
5	882
260	882
801	882
1108	882
1466	882
5	883
2	884
290	884
925	884
932	884
5	885
511	885
5	886
1077	886
2	887
2	888
786	888
873	888
2	889
2	890
5	891
1043	891
2	892
2	893
2	894
2	895
5	896
5	897
5	898
123	898
5	899
786	899
870	899
1211	899
2	900
504	900
550	900
7	901
173	901
2	902
1179	902
2	903
686	903
771	903
5	904
552	904
5	905
724	905
1121	905
5	906
5	907
5	908
5	909
82	909
1013	909
1121	909
2	910
2	911
929	911
5	912
5	913
5	914
2	915
649	915
2	916
699	916
997	916
2	917
190	917
5	918
5	919
361	919
5	920
5	921
1283	921
2	922
2	923
2	924
912	924
5	925
1000	925
5	926
5	927
193	927
853	927
5	928
5	929
5	930
2	931
788	931
2	932
5	933
775	933
5	934
5	935
625	935
898	935
5	936
2	937
1453	937
2	938
5	939
329	939
541	939
1150	939
5	940
42	940
113	940
955	940
3	941
5	941
141	941
5	942
5	943
604	943
955	943
5	944
5	945
216	945
2	946
858	946
1282	946
5	947
5	948
5	949
233	949
583	949
804	949
896	949
1209	949
1486	949
2	950
5	951
426	951
2	952
5	953
533	953
1014	953
1196	953
2	954
822	954
847	954
2	955
199	955
665	955
2	956
2	957
941	957
1419	957
5	958
117	958
5	959
1353	959
5	960
2	961
5	962
518	962
2	963
5	964
203	964
2	965
207	965
1055	965
5	966
2	967
277	967
962	967
5	968
91	968
126	968
962	968
1243	968
1414	968
1450	968
5	969
173	969
2	970
2	971
2	972
205	972
5	973
1395	973
2	974
2	975
2	976
2	977
5	978
5	979
5	980
1493	980
5	981
1229	981
2	982
278	982
1019	982
1272	982
5	983
192	983
781	983
1310	983
2	984
5	985
2	986
1191	986
1379	986
5	987
5	988
398	988
1045	988
5	989
5	990
497	990
1202	990
5	991
2	992
5	993
5	994
5	995
2	996
146	996
1311	996
1478	996
2	997
406	997
1345	997
2	998
2	999
864	999
2	1000
2	1001
1394	1001
2	1002
2	1003
2	1004
5	1005
978	1005
1356	1005
1459	1005
5	1006
5	1007
826	1007
1484	1007
2	1008
1483	1008
5	1009
5	1010
5	1011
1093	1011
5	1012
5	1013
987	1013
2	1014
5	1015
5	1016
798	1016
1229	1016
2	1017
529	1017
916	1017
1419	1017
0	1018
5	1018
861	1018
2	1019
2	1020
5	1021
1241	1021
5	1022
2	1023
0	1024
855	1024
7	1025
7	1026
7	1027
165	1027
318	1027
7	1028
113	1028
1351	1028
2	1029
152	1029
2	1030
47	1030
658	1030
686	1030
988	1030
2	1031
1021	1031
7	1032
91	1032
283	1032
381	1032
528	1032
1116	1032
1418	1032
7	1033
121	1033
312	1033
468	1033
653	1033
910	1033
1286	1033
7	1034
1259	1034
2	1035
251	1035
5	1036
0	1037
5	1038
5	1039
2	1040
2	1041
5	1042
1025	1042
5	1043
38	1043
790	1043
5	1044
5	1045
137	1045
155	1045
5	1046
996	1046
5	1047
2	1048
380	1048
5	1049
7	1050
498	1050
7	1051
709	1051
2	1052
1342	1052
7	1053
2	1054
7	1055
2	1056
73	1056
7	1057
2	1058
7	1059
1031	1059
7	1060
317	1060
922	1060
5	1061
7	1062
948	1062
0	1063
1330	1063
0	1064
7	1065
1210	1065
7	1066
2	1067
1292	1067
5	1068
28	1068
106	1068
139	1068
284	1068
635	1068
1033	1068
1118	1068
1137	1068
5	1069
5	1070
1060	1070
1219	1070
5	1071
5	1072
5	1073
325	1073
739	1073
2	1074
107	1074
206	1074
7	1075
0	1076
0	1077
1084	1077
2	1078
1137	1078
0	1079
5	1080
166	1080
1286	1080
5	1081
456	1081
1204	1081
2	1082
78	1082
301	1082
313	1082
413	1082
520	1082
683	1082
5	1083
30	1083
380	1083
1137	1083
1183	1083
7	1084
5	1085
1324	1085
5	1086
2	1087
715	1087
1327	1087
5	1088
828	1088
1120	1088
0	1089
5	1090
33	1090
0	1091
807	1091
0	1092
5	1093
7	1094
261	1094
1058	1094
7	1095
2	1096
779	1096
1004	1096
1109	1096
1215	1096
1395	1096
7	1097
967	1097
5	1098
2	1099
201	1099
519	1099
906	1099
1314	1099
7	1100
7	1101
7	1102
402	1102
1109	1102
1416	1102
1493	1102
7	1103
471	1103
520	1103
538	1103
576	1103
661	1103
716	1103
960	1103
1226	1103
7	1104
0	1105
7	1106
460	1106
5	1107
1177	1107
1402	1107
2	1108
5	1109
1265	1109
5	1110
686	1110
7	1111
5	1112
990	1112
1065	1112
7	1113
5	1114
418	1114
1366	1114
1454	1114
0	1115
409	1115
1252	1115
5	1116
5	1117
896	1117
0	1118
314	1118
567	1118
0	1119
137	1119
203	1119
363	1119
5	1120
1097	1120
2	1121
2	1122
7	1123
66	1123
2	1124
11	1124
348	1124
2	1125
1291	1125
1438	1125
7	1126
713	1126
2	1127
665	1127
1027	1127
5	1128
183	1128
1261	1128
1310	1128
2	1129
825	1129
1143	1129
2	1130
2	1131
99	1131
352	1131
2	1132
1369	1132
2	1133
5	1134
7	1135
2	1136
7	1136
30	1136
493	1136
1029	1136
7	1137
0	1138
52	1138
292	1138
540	1138
2	1139
309	1139
458	1139
572	1139
609	1139
707	1139
1066	1139
1459	1139
0	1140
611	1140
625	1140
1037	1140
1099	1140
1429	1140
0	1141
1044	1141
0	1142
2	1143
572	1143
770	1143
0	1144
734	1144
807	1144
0	1145
119	1145
0	1146
2	1147
5	1148
298	1148
5	1149
5	1150
465	1150
5	1151
1062	1151
5	1152
726	1152
958	1152
1358	1152
0	1153
2	1154
5	1155
5	1156
26	1156
1092	1156
5	1157
7	1158
23	1158
1343	1158
7	1159
7	1160
207	1160
277	1160
5	1161
0	1162
533	1162
2	1163
7	1164
312	1164
7	1165
394	1165
444	1165
0	1166
1054	1166
1422	1166
1432	1166
7	1167
7	1168
767	1168
2	1169
47	1169
7	1170
385	1170
469	1170
1327	1170
5	1171
638	1171
2	1172
310	1172
7	1173
7	1174
902	1174
0	1175
5	1176
0	1177
0	1178
0	1179
842	1179
1082	1179
1153	1179
0	1180
5	1181
5	1182
744	1182
7	1183
7	1184
111	1184
509	1184
986	1184
5	1185
5	1186
0	1187
7	1188
172	1188
481	1188
521	1188
832	1188
7	1189
753	1189
7	1190
2	1191
7	1192
1317	1192
0	1193
2	1194
1260	1194
2	1195
24	1195
157	1195
733	1195
887	1195
2	1196
157	1196
695	1196
984	1196
2	1197
2	1198
302	1198
1253	1198
0	1199
5	1200
5	1201
39	1201
227	1201
326	1201
342	1201
885	1201
1356	1201
7	1202
2	1203
356	1203
2	1204
2	1205
2	1206
355	1206
1189	1206
2	1207
236	1207
924	1207
2	1208
936	1208
2	1209
920	1209
2	1210
1291	1210
2	1211
854	1211
5	1212
1383	1212
5	1213
5	1214
433	1214
620	1214
0	1215
36	1215
863	1215
1382	1215
0	1216
5	1217
0	1218
492	1218
7	1219
389	1219
588	1219
1323	1219
0	1220
1422	1220
0	1221
621	1221
0	1222
0	1223
833	1223
0	1224
0	1225
828	1225
1418	1225
0	1226
5	1227
130	1227
345	1227
1085	1227
1244	1227
5	1228
7	1229
743	1229
900	1229
5	1230
2	1231
1068	1231
2	1232
745	1232
5	1233
1017	1233
5	1234
427	1234
1297	1234
2	1235
2	1236
1279	1236
2	1237
2	1238
479	1238
5	1239
1177	1239
1187	1239
7	1240
1030	1240
1313	1240
2	1241
2	1242
52	1242
5	1243
366	1243
0	1244
5	1245
5	1246
0	1247
0	1248
93	1248
2	1249
112	1249
517	1249
642	1249
7	1250
2	1251
373	1251
642	1251
0	1252
432	1252
0	1253
0	1254
1298	1254
0	1255
1231	1255
2	1256
1439	1256
0	1257
533	1257
2	1258
114	1258
704	1258
7	1259
21	1259
382	1259
452	1259
840	1259
1164	1259
1363	1259
5	1260
290	1260
1436	1260
5	1261
0	1262
1199	1262
2	1263
0	1264
5	1265
5	1266
5	1267
802	1267
813	1267
1324	1267
0	1268
872	1268
1292	1268
0	1269
7	1270
921	1270
7	1271
555	1271
5	1272
5	1273
389	1273
627	1273
917	1273
5	1274
195	1274
5	1275
741	1275
7	1276
1267	1276
0	1277
825	1277
7	1278
1296	1278
1449	1278
7	1279
360	1279
648	1279
0	1280
226	1280
0	1281
0	1282
137	1282
1127	1282
5	1283
2	1284
5	1285
5	1286
82	1286
963	1286
1387	1286
1432	1286
5	1287
0	1288
0	1289
153	1289
612	1289
692	1289
824	1289
7	1290
7	1291
225	1291
2	1292
7	1293
58	1293
290	1293
412	1293
1472	1293
0	1294
708	1294
1124	1294
1199	1294
1390	1294
2	1295
691	1295
1208	1295
1317	1295
0	1296
0	1297
605	1297
2	1298
417	1298
1078	1298
0	1299
7	1300
810	1300
965	1300
1078	1300
1291	1300
0	1301
1067	1301
7	1302
7	1303
7	1304
0	1305
388	1305
0	1306
296	1306
375	1306
973	1306
0	1307
5	1308
149	1308
956	1308
2	1309
749	1309
2	1310
483	1310
2	1311
1359	1311
5	1312
608	1312
2	1313
2	1314
5	1315
943	1315
2	1316
1423	1316
7	1317
7	1318
35	1318
826	1318
1453	1318
0	1319
151	1319
217	1319
372	1319
1142	1319
2	1320
2	1321
5	1322
0	1323
0	1324
2	1325
5	1325
750	1325
1204	1325
1391	1325
1472	1325
1476	1325
7	1326
2	1327
0	1328
149	1328
191	1328
854	1328
5	1329
647	1329
1211	1329
5	1330
879	1330
5	1331
1422	1331
7	1332
2	1333
310	1333
341	1333
2	1334
84	1334
456	1334
756	1334
827	1334
1046	1334
1120	1334
1207	1334
1390	1334
1393	1334
2	1335
1410	1335
0	1336
121	1336
1232	1336
2	1337
298	1337
2	1338
7	1339
7	1340
102	1340
166	1340
0	1341
2	1342
0	1343
0	1344
405	1344
1255	1344
0	1345
1366	1345
2	1346
7	1347
5	1348
2	1349
7	1350
108	1350
842	1350
5	1351
960	1351
1315	1351
0	1352
0	1353
597	1353
2	1354
5	1355
7	1356
51	1356
797	1356
2	1357
141	1357
1342	1357
2	1358
2	1359
2	1360
1333	1360
7	1361
299	1361
694	1361
740	1361
1154	1361
2	1362
2	1363
2	1364
2	1365
346	1365
577	1365
639	1365
975	1365
0	1366
387	1366
674	1366
866	1366
1186	1366
5	1367
358	1367
367	1367
417	1367
842	1367
2	1368
7	1369
854	1369
1454	1369
7	1370
0	1371
248	1371
313	1371
653	1371
1283	1371
1289	1371
2	1372
313	1372
523	1372
2	1373
5	1374
597	1374
0	1375
993	1375
5	1376
7	1377
34	1377
584	1377
669	1377
1043	1377
7	1378
0	1379
0	1380
2	1381
2	1382
0	1383
0	1384
7	1385
2	1386
829	1386
2	1387
168	1387
526	1387
2	1388
5	1389
2	1390
2	1391
101	1391
2	1392
5	1393
696	1393
5	1394
7	1395
76	1395
419	1395
1261	1395
2	1396
2	1397
7	1398
1302	1398
7	1399
99	1399
585	1399
7	1400
285	1400
2	1401
2	1402
231	1402
264	1402
418	1402
621	1402
748	1402
843	1402
7	1403
501	1403
2	1404
269	1404
958	1404
0	1405
222	1405
864	1405
894	1405
5	1406
1171	1406
0	1407
433	1407
558	1407
7	1408
0	1409
865	1409
0	1410
2	1411
0	1412
0	1413
2	1414
1109	1414
1121	1414
0	1415
7	1416
587	1416
0	1417
744	1417
2	1418
2	1419
0	1420
2	1421
0	1422
361	1422
0	1423
7	1424
5	1425
2	1426
7	1427
974	1427
2	1428
1079	1428
1178	1428
0	1429
0	1430
1479	1430
0	1431
0	1432
393	1432
510	1432
985	1432
1138	1432
0	1433
0	1434
5	1435
7	1436
247	1436
0	1437
2	1438
2	1439
2	1440
2	1441
816	1441
2	1442
213	1442
436	1442
910	1442
1471	1442
2	1443
1110	1443
2	1444
256	1444
462	1444
5	1445
2	1446
7	1447
10	1447
58	1447
1023	1447
0	1448
497	1448
2	1449
7	1450
0	1451
214	1451
849	1451
1219	1451
5	1452
180	1452
0	1453
2	1454
0	1455
221	1455
1288	1455
0	1456
0	1457
7	1458
0	1459
408	1459
0	1460
607	1460
0	1461
634	1461
902	1461
962	1461
7	1462
7	1463
657	1463
2	1464
2	1465
2	1466
615	1466
0	1467
713	1467
0	1468
7	1469
7	1470
1251	1470
7	1471
7	1472
1408	1472
2	1473
2	1474
122	1474
828	1474
1111	1474
0	1475
131	1475
0	1476
131	1476
420	1476
0	1477
7	1478
1450	1478
2	1479
1256	1479
0	1480
674	1480
2	1481
7	1482
479	1482
0	1483
130	1483
519	1483
1038	1483
1379	1483
7	1484
727	1484
863	1484
1048	1484
0	1485
970	1485
0	1486
1043	1486
5	1487
941	1487
1351	1487
2	1488
0	1489
534	1489
7	1490
2	1491
5	1492
2	1493
577	1493
5	1494
357	1494
403	1494
434	1494
630	1494
1178	1494
1459	1494
0	1495
369	1495
0	1496
277	1496
1035	1496
1230	1496
7	1497
785	1497
982	1497
7	1498
0	1499
